Rank,Days_on_Mars,SiO2,FeO,Al2O3,SO3,CaO,MgO,Na2O,TiO2,P2O5,K2O,Cl,Cr2O3,MnO
1,46,50.7,9.47,16.09,2.48,6.07,3.61,7.11,0.49,0.49,2.23,0.87,0.04,0.14
2,47,49.29,10.61,14.59,3.05,6.54,4.57,6.61,0.65,0.6,2.01,1.03,0.09,0.17
3,47,48.87,10.94,14.65,2.81,6.78,4.6,6.59,0.73,0.85,1.89,0.95,0.04,0.23
4,54,43.65,22.07,7.85,3.05,6.28,8.56,2.21,1.09,0.82,2.18,0.73,0.42,0.83
5,54,43.95,21,7.92,3.31,6.45,8.68,2.06,1.06,0.88,2.88,0.81,0.36,0.46
6,58,43.94,19.13,9.02,5.97,7.45,7.9,1.99,0.97,0.65,0.55,0.84,0.39,0.39
7,58,43.54,19.58,8.84,6.93,7.11,7.79,2.14,0.44,0,0.76,1.05,0.3,0.5
8,86,45.42,24.67,8.96,4.23,4.41,4.71,2.91,0.61,0.55,1.63,0.98,0.3,0.44
9,89,42.97,19.18,9.37,5.47,7.26,8.69,2.7,1.19,0.95,0.49,0.69,0.49,0.42
10,91,45.06,26.33,8.41,4.06,4.27,4.19,2.95,0.73,0.99,1.57,0.79,0.08,0.39
11,102,45.97,18.39,10.52,4.06,6.05,5.32,4.02,0.96,1.08,1.86,0.88,0.24,0.46
12,117,42.72,17.93,8.99,7.4,6.84,8.01,3.17,0.81,0.8,1.05,1.22,0.46,0.48
13,117,42.77,17.89,9.08,7.09,6.79,8.18,3.01,0.81,1,1.01,1.21,0.5,0.48
14,129,42.28,21.12,8.35,6.25,6.58,8.72,2.19,1.04,0.51,0.46,1.36,0.48,0.41
15,129,41.36,21.6,8.2,6.42,6.63,8.67,2.59,0.95,0.93,0.42,1.18,0.49,0.36
16,132,45.6,19.59,9.11,2.88,6.45,9.18,2.58,1.12,0.88,0.51,1.1,0.52,0.35
17,149,42.34,21.67,7.53,5.58,6.91,8.88,2,1,0.79,0.42,1.5,0.76,0.38
18,149,43.47,20.28,8.08,6.2,6.24,8.42,2.54,0.93,1.04,0.55,1.4,0.41,0.25
19,150,42.44,20.63,8.32,6.22,6.38,8.7,2.47,1.01,1.05,0.5,1.26,0.5,0.32
20,150,45.28,20.29,8.28,2.59,5.9,9.66,2.78,0.88,1.07,0.62,1.78,0.45,0.22
21,154,44.39,21.67,8.26,4.07,5.86,9.1,1.95,0.74,0.09,0.5,1.7,0.54,0.39
22,154,40.37,19.08,7.9,9.7,7.75,8.14,2.47,0.86,0.99,0.53,1.44,0.36,0.23
23,158,25.93,11.86,5.14,27.99,18.41,5.86,1.92,0.45,0.73,0.26,0.97,0.18,0.19
24,158,44.59,20.37,8.76,4,5.35,8.83,2.64,0.94,1.12,0.61,1.93,0.43,0.21
25,161,44.58,20.03,8.46,4.88,5.82,8.87,2.42,0.8,0.94,0.57,1.72,0.42,0.25
26,161,44.41,20.48,8.39,4.94,6,8.67,2.45,1.01,0.73,0.55,1.39,0.47,0.34
27,161,43.85,17.16,9.94,7.02,6.94,7.71,2.95,1.01,0.97,0.64,1.01,0.31,0.36
28,162,42.6,20.73,8.17,6.54,5.82,8.72,2.65,0.94,1.04,0.52,1.44,0.29,0.32
29,165,36.84,17.12,7.43,13.5,9.41,9.05,2.41,0.67,0.94,0.42,1.44,0.33,0.26
30,165,37.52,17.42,7.76,12.49,9.12,8.58,2.55,0.87,0.85,0.49,1.44,0.41,0.29
31,165,43.87,18.68,9.44,5.14,5.95,8.74,2.88,0.92,1.01,0.81,1.35,0.45,0.36
32,165,41.85,21.7,7.78,6.6,5.21,9.76,2.47,0.85,0.94,0.43,1.59,0.26,0.35
33,165,38.38,17.67,7.45,12.49,9.54,8.01,2.33,0.83,0.88,0.35,1.26,0.39,0.26
34,168,41.34,20.3,8.21,7.84,6.89,8.32,2.47,1.06,0.83,0.58,1.25,0.35,0.31
35,168,43.31,20.59,8.41,5.65,6.04,8.61,2.66,0.95,1.02,0.56,1.24,0.42,0.29
36,169,43.58,20.17,8.39,5.93,6.01,8.75,2.48,0.95,1.04,0.53,1.18,0.42,0.31
37,169,46.88,20.5,8.88,0.89,5.4,9.8,3.04,0.91,1.02,0.62,1.13,0.41,0.29
38,173,47.57,19.69,8.9,1.04,5.32,9.76,2.98,0.91,1.02,0.69,1.2,0.42,0.27
39,181,43.69,20.58,8.71,3.53,6.18,9.89,2.98,0.96,0.95,0.59,0.91,0.42,0.3
40,230,40.99,18.98,8.84,6.13,7.81,9.26,3.46,0.96,0.96,0.59,0.67,0.51,0.21
41,230,42.71,19.5,8.4,6.07,7.22,8.85,2.86,1.02,0.9,0.56,0.88,0.46,0.3
42,230,41.26,19.64,7.98,7.23,7.87,8.87,2.5,1.05,1.07,0.53,1.1,0.34,0.27
43,230,42.08,20.11,8.57,5.52,7.73,9.03,3,0.99,0.9,0.6,0.56,0.4,0.3
44,230,42.06,19.61,8.79,5.71,7.79,9.09,3.02,0.95,0.97,0.54,0.56,0.43,0.25
45,230,41.06,19.96,8.45,6.36,7.94,9.2,3.11,0.95,0.98,0.55,0.52,0.39,0.26
46,230,41.06,20.68,8.51,5.91,7.87,8.97,2.93,1.05,0.92,0.55,0.52,0.47,0.33
47,270,43.11,20.27,8.5,6.76,5.94,8.57,2.51,1,0.75,0.61,1.17,0.34,0.29
48,270,43.67,23.63,6.67,4.95,4.38,10.33,2.01,0.82,0.69,0.3,1.61,0.33,0.37
49,270,43.18,19.51,8.55,6.2,6.64,8.55,2.6,0.91,0.87,0.5,1.21,0.45,0.3
50,270,42.58,20.15,8.17,6.54,6.45,8.9,2.6,0.96,0.98,0.44,1.28,0.44,0.29
51,270,42.55,22.63,7.24,5.83,5,9.91,2.3,0.87,0.86,0.36,1.49,0.37,0.35
52,276,43.99,20.36,8.54,5.2,5.88,8.69,2.59,0.97,1.02,0.52,1.42,0.36,0.26
53,277,44.37,20.34,8.54,4.77,5.91,8.71,2.57,0.94,0.96,0.48,1.49,0.43,0.29
54,283,43.76,22.57,8.39,2.63,6.26,9.27,2.57,0.89,0.79,0.47,1.39,0.39,0.23
55,283,44.61,21.38,8.75,2.07,6.27,9.2,3.01,1,0.8,0.55,1.38,0.37,0.3
56,287,42.88,22.55,8.47,2.61,6.36,9.36,2.98,0.98,0.92,0.5,1.42,0.43,0.32
57,291,43.04,20.39,8.68,6.12,6.31,8.32,2.43,1.02,0.77,0.56,1.23,0.49,0.35
58,291,46.81,19.82,9.34,1.57,5.44,9.15,3.14,0.91,0.92,0.66,1.33,0.42,0.28
59,304,49.01,14.71,11.63,2.67,6.22,6.31,4.39,0.77,0.89,1.65,0.92,0.38,0.31
60,322,42.1,20.69,8.43,5.88,6.81,8.95,2.89,0.75,0.64,0.43,1.08,0.76,0.4
61,322,42.05,20.9,8.38,5.9,6.82,8.77,2.71,0.83,0.7,0.47,1.14,0.77,0.37
62,322,41.64,20.72,8.34,6.29,6.73,9.08,2.87,0.76,0.65,0.43,1.11,0.79,0.4
63,322,41.9,21,8.29,5.78,6.88,9.05,2.8,0.76,0.65,0.42,1.13,0.76,0.4
64,322,42.16,20.58,8.44,5.82,7.03,8.7,2.86,0.75,0.74,0.46,1.12,0.76,0.38
65,323,44.49,18.51,9.63,5.1,6.52,7.69,3.23,0.92,0.77,1.18,0.83,0.6,0.37
66,323,42.03,20.63,8.75,6.05,6.54,8.26,2.98,0.85,0.8,0.78,1.15,0.65,0.36
67,360,49.41,11.96,13.76,3.9,7.23,4.66,4.84,0.76,0.73,1.67,0.65,0.06,0.27
68,373,45.41,14.62,10.88,6.89,7.2,7.27,3.21,1.03,0.96,0.84,0.99,0.25,0.31
69,387,53.09,10.16,11.61,4.46,7.19,4.41,4.12,1.35,1.45,0.92,0.85,0.09,0.22
70,394,49.32,15.31,14.39,4.48,5.53,3.19,4.24,0.53,0.6,0.58,1.46,0,0.13
71,395,46.89,16.82,13.59,5.68,5.44,3.67,3.96,0.7,0.69,0.57,1.75,0.03,0.13
72,399,45.19,14.4,10.25,7.98,6.97,7.76,3.07,0.85,0.99,0.81,1.13,0.22,0.24
73,399,46.18,14.15,12.29,6.08,6.78,6.14,3.87,0.86,0.86,1.08,0.98,0.16,0.4
74,399,46.28,13.8,11.37,7.12,6.77,6.67,3.45,0.88,1.01,1.14,0.99,0.13,0.23
75,399,45.81,13.2,10.84,7.78,7.46,7.17,3.31,0.94,0.93,0.97,0.97,0.19,0.27
76,399,47.53,11.93,13.64,6.62,6.53,5.64,3.89,0.71,0.88,0.85,1.34,0.09,0.17
77,400,46.29,14.96,12.04,6.54,6.09,6.33,3.43,0.8,0.83,0.65,1.49,0.07,0.24
78,400,45.78,15.22,11.03,7.07,6.43,6.85,3.19,0.8,0.92,0.76,1.36,0.12,0.23
79,400,44.99,14.86,10.95,7.35,7.07,7.21,3.15,0.87,0.99,0.73,1.18,0.19,0.27
80,441,41.68,20.3,8.47,7.04,6.42,8.35,2.48,1.07,0.98,1.04,1.1,0.52,0.35
81,442,43.07,19.81,8.34,5.74,5.72,8.37,2.45,0.86,0.77,2.52,1.24,0.48,0.41
82,472,43.01,22.35,7.98,3.29,6.13,8.71,2.7,0.89,0.75,1.96,0.95,0.54,0.5
83,485,42.15,20.28,8.66,6.43,6.22,8.36,2.61,1.01,0.94,1.37,0.94,0.41,0.4
84,485,41.79,20.72,8.57,6.53,6.32,8.16,2.63,1.01,0.94,1.24,0.95,0.51,0.43
85,487,41.93,20.86,8.78,5.05,6.62,9.08,2.9,0.92,0.99,0.7,1.24,0.38,0.31
86,487,41.64,21.18,8.69,4.67,6.35,9.41,3.19,1.1,0.89,0.62,1.26,0.45,0.33
87,487,41.13,21.95,8.63,4.61,6.66,9.32,3.01,0.99,0.86,0.62,1.19,0.46,0.29
88,503,49.91,10.75,12,5.13,6.48,5.32,3.98,0.58,0.89,3.44,1.02,0.1,0.26
89,503,49.93,10.27,15.37,2.32,5.76,3.41,6.78,0.72,0.93,2.94,1.11,0.05,0.26
90,506,50.85,10.92,14.97,4.23,6.16,4.24,5.06,0.56,0.69,1.21,0.7,0.07,0.15
91,510,51.22,11.48,16.22,2.13,5.71,3.08,5.42,0.54,0.62,2.23,0.89,0.07,0.19
92,510,49.34,12.19,15.18,3.27,6.15,3.69,5.01,1.19,0.78,1.89,0.88,0.04,0.29
93,512,53.98,5.73,16.8,4.43,7.16,3.41,5.19,0.35,0.61,1.36,0.69,0.06,0.12
94,512,51.94,10.47,15.28,3.56,5.46,3.66,4.81,0.71,0.64,2.48,0.66,0.04,0.18
95,516,56.78,13.65,9.46,3.52,3.6,2.91,4.21,0.99,0.63,3.04,0.84,0.03,0.21
96,523,42.68,19.7,8.94,6.04,7.09,8.58,2.66,1.03,0.93,0.48,0.8,0.49,0.42
97,526,50.74,8.24,15.69,5.7,8.03,3.82,4.21,0.83,0.91,0.65,0.87,0.07,0.18
98,531,43.15,18.07,9.23,6.94,6.91,8.31,2.86,1.01,1.01,0.63,0.94,0.41,0.41
99,532,43.66,18.23,9.2,6.18,7.07,8.72,2.64,1.07,0.95,0.47,0.79,0.48,0.41
100,537,39.66,23.44,7.43,7.34,5.72,8.6,2.45,1,0.88,1.01,1.24,0.38,0.55
101,537,39.06,22.82,7.38,8.43,5.52,8.77,2.34,0.94,0.9,0.88,1.74,0.4,0.52
102,550,46.36,15.53,12.63,4.26,5.14,4.92,4.09,0.81,0.62,3.58,1.35,0.28,0.25
103,558,43.83,17.3,9.34,6.97,7.12,8.18,2.83,0.97,0.97,0.62,0.95,0.4,0.38
104,560,45.42,27.15,8.55,3.21,3.67,4.03,4.08,0.67,0.67,1.47,0.64,0.05,0.31
105,564,53.13,7.84,16.93,2.58,5.54,2.92,6.22,0.36,0.82,2.16,0.97,0.04,0.19
106,583,41.93,22.64,8.1,3.32,6.27,9.34,1.84,0.85,0.58,2.77,0.91,0.74,0.44
107,583,40.87,23.02,7.42,4.41,6.31,9.68,1.81,0.93,0.66,2.54,0.91,0.68,0.51
108,583,41.15,23.27,7.76,3.71,6.48,9.25,1.76,0.94,0.64,2.61,0.91,0.82,0.45
109,583,40.5,22.64,7.73,5.49,6.3,9.17,1.85,0.88,0.66,2.39,1.06,0.62,0.41
110,583,41.26,23.14,7.83,3.7,6.41,9.33,1.78,0.85,0.63,2.71,0.92,0.72,0.44
111,584,40.65,20.37,8.14,8.36,5.85,8.26,2.39,0.9,0.9,1.94,1.15,0.37,0.37
112,585,39.87,22.43,7.9,7.17,6.37,8.37,2.42,0.91,0.9,1.23,1.11,0.62,0.42
113,601,43.13,16.61,7.95,7.28,5.5,10.6,1.95,0.96,0.71,2.38,1.86,0.55,0.2
114,605,42.29,20.4,8.76,5.82,6.99,8.82,2.68,1.05,0.89,0.45,0.76,0.52,0.44
115,612,39.84,23.38,6.83,6.42,5.49,9.18,2.09,1.02,0.9,1.71,1.33,0.41,0.67
116,612,40.11,23.33,7.08,6.27,5.54,9.03,1.98,0.98,0.91,1.76,1.34,0.38,0.65
117,612,40.04,23.57,6.9,6.16,5.47,9.18,1.95,1.02,0.92,1.79,1.33,0.41,0.59
118,612,40.14,23.38,7.1,6.27,5.58,9.04,2.05,0.95,0.9,1.63,1.3,0.36,0.56
119,612,40.1,23.38,7.15,6.13,5.45,9.15,2.11,1.13,0.85,1.78,1.24,0.47,0.5
120,612,40.47,24.51,5.62,3.95,5.01,10.87,1.21,1.03,0.81,3.01,1.65,0.42,0.69
121,622,39.42,26.37,5.7,2.6,4.98,12.77,0.27,1.18,0.72,3.59,0.72,0.44,0.54
122,622,39.86,25.56,5.73,2.72,4.8,12.84,0.5,1.2,0.74,3.73,0.85,0.38,0.61
123,622,39.3,26.5,5.69,2.58,4.91,12.67,0.4,1.15,0.73,3.65,0.8,0.44,0.58
124,627,33.38,21.58,4.05,4.35,4.25,18.3,1.01,0.91,0.7,2.49,3.36,0.34,4.05
125,629,34.06,21.21,4.5,4.67,4.2,17.79,1.02,0.77,0.76,2.31,3.26,0.35,3.88
126,629,34.43,21.48,4.2,4.46,4.32,17.9,1.04,0.9,0.65,2.53,3.44,0.36,3.34
127,629,33.69,20.64,4.31,4.44,4.2,18.29,1.12,0.91,0.69,2.43,3.19,0.28,4.87
128,629,34.64,20.96,4.91,4.85,4.43,17.26,1.32,0.94,0.74,2.33,3.12,0.3,3.41
129,633,43.16,20.52,8.65,4.05,5.77,9.45,2.08,0.91,0.64,2.41,1.54,0.47,0.25
130,633,42.91,20.43,8.7,4.04,5.85,9.44,2.14,0.91,0.73,2.43,1.54,0.51,0.22
131,649,45.36,15.6,11.5,7.08,5.52,6.05,3.38,0.83,0.83,1.96,1.33,0.09,0.34
132,673,43.05,20.09,9.41,5.12,7.17,8.27,2.78,1.1,0.85,0.45,0.64,0.5,0.44
133,687,46.93,9.12,13.36,5.93,9.84,5.05,3.71,0.42,3.2,0.61,1.41,0.08,0.2
134,694,43.39,19.93,9.32,4.57,6.92,8.19,3.3,0.8,0.73,0.84,0.72,0.73,0.45
135,696,59.29,7.3,10.88,5.7,3.78,3.26,4.15,1.18,0.98,2.23,0.81,0.24,0.08
136,704,37.38,27.9,5.62,3.57,5.26,12.29,0.96,1.07,0.64,3.09,0.57,0.49,0.55
137,706,47.32,16.93,12,2.15,5.23,6.37,4.97,0.66,0.7,2.16,0.71,0.21,0.25
138,707,46.83,16.38,11.37,2.81,5.99,6.96,4.72,0.76,0.76,1.94,0.75,0.3,0.3
139,722,60.69,13.5,8.14,3.65,4.44,2.44,2.51,1.17,1.81,0.55,0.54,0.26,0.19
140,722,53.84,13.67,8.38,6.32,5.87,4.36,2.61,1.2,1.72,0.57,0.7,0.35,0.23
141,722,59.76,13.63,7.81,3.88,4.54,2.73,2.68,1.16,2.1,0.52,0.56,0.32,0.18
142,742,41.35,20.7,8.41,7.01,6.33,8.42,2.87,0.96,0.85,0.74,1.4,0.38,0.41
143,755,51.88,16.93,10.43,5.17,3.77,4.5,2.92,1.07,1.08,0.86,0.37,0.34,0.31
144,758,44.8,15.92,9.06,11.27,4.24,7.6,2.41,1,1.01,0.71,0.67,0.33,0.3
145,758,43.67,17.33,8.69,10.11,5.3,7.65,2.37,1.04,1.02,0.65,0.88,0.34,0.33
146,759,50.73,19.49,9.96,4.42,3.88,3.85,2.7,1.21,1.07,0.9,0.34,0.38,0.38
147,762,51.26,18.89,10.58,4.07,4.06,3.62,2.97,1.13,1.2,0.85,0.3,0.36,0.36
148,767,45.94,15.29,9.18,11.01,4.09,7.1,2.6,0.97,0.66,0.8,0.69,0.32,0.21
149,767,49.43,20.21,9.75,4.73,4.08,4.5,2.64,1.17,1.03,0.92,0.35,0.38,0.37
150,774,46.19,16.12,9.24,9.94,4.38,6.9,2.52,0.92,1.08,0.74,0.62,0.34,0.35
151,774,47.48,16.08,9.46,8.77,4.36,6.63,2.49,1.02,1.14,0.73,0.65,0.3,0.31
152,774,48.65,16.19,9.77,7.64,4.35,6.2,2.55,1.06,1.07,0.7,0.6,0.37,0.34
153,774,48.12,16.41,9.68,8.34,4,6.13,2.6,0.89,1.06,0.78,0.53,0.37,0.35
154,779,45.4,15.88,9.21,10.51,4.41,7.29,2.49,1.02,1.09,0.71,0.64,0.34,0.32
155,781,48.13,19.83,9.73,4.86,4.58,5.55,2.65,1.13,1.02,0.98,0.41,0.39,0.37
156,801,42.89,20.77,9.06,4.62,7.01,8.91,2.67,1.05,0.85,0.44,0.62,0.47,0.44
157,802,43.43,19.78,9.04,5.21,6.97,8.81,2.71,0.99,0.92,0.47,0.7,0.39,0.42
158,805,45.04,19.25,9.37,6.68,5.01,7.41,2.47,1.11,0.94,0.78,0.94,0.31,0.53
159,805,47.54,15.7,9.98,7.07,5.05,7.2,2.64,1.15,0.98,0.79,0.89,0.32,0.33
160,805,51.61,16.59,10.55,4.93,4.02,5.06,2.77,1.11,1.02,0.85,0.52,0.35,0.34
161,806,51.5,17.85,10.37,3.57,3.79,4.93,2.83,1.11,1.37,0.98,0.54,0.35,0.51
162,808,47.8,13.52,11.22,9.58,4.16,5.96,2.66,1.07,1.25,0.74,1.02,0.29,0.28
163,808,50.09,12.74,11.77,8.06,4.12,5.41,2.81,1.07,1.3,0.65,0.95,0.34,0.31
164,809,50.88,13.94,12.41,6.2,4.27,4.76,2.69,1.04,1.35,0.68,0.64,0.38,0.34
165,809,51.84,13.51,12.41,5.84,4.29,4.47,2.84,1.07,1.44,0.65,0.52,0.39,0.34
166,810,46.52,15.31,10.2,7.38,5.51,7.49,2.67,1.2,1.06,0.63,0.95,0.37,0.37
167,810,43.34,11.67,9.61,13.51,5.59,8.39,2.66,1.09,1.2,0.55,1.1,0.35,0.34
168,813,52.98,12.17,12.25,5.17,3.97,5.64,2.69,1.01,1.24,0.75,1.04,0.44,0.31
169,813,52.85,13.28,12.15,4.33,4.09,5.4,2.75,1.06,1.33,0.76,0.92,0.38,0.32
170,814,51.96,14.14,12.54,4.66,3.78,5.44,2.75,1.11,1.03,0.75,0.76,0.42,0.3
171,814,53.01,13.47,13.22,4.06,3.58,5.09,2.75,1.07,1.12,0.81,0.76,0.42,0.27
172,815,52.6,14.37,11.66,4.03,4.21,5.72,2.8,1.11,1.11,0.75,0.63,0.36,0.32
173,815,55.8,11.99,12.72,3.26,3.77,5.01,2.85,1.1,1.15,0.8,0.48,0.37,0.28
174,819,53.6,15.31,11.56,3.81,4.23,4.44,2.85,0.98,1.19,0.77,0.31,0.35,0.33
175,820,52,15.19,11.18,4.77,4.41,5.34,2.76,0.96,1.16,0.73,0.56,0.36,0.32
176,824,53.01,15.47,10.31,4.78,4.3,5.31,2.53,1,1.11,0.76,0.57,0.33,0.28
177,824,52.98,15.81,10.76,4.46,4.09,4.92,2.73,0.97,1.15,0.76,0.5,0.33,0.3
178,828,52.77,15.67,11.32,3.41,4.08,5.22,2.77,1.11,1.03,0.76,0.87,0.37,0.27
179,830,50.27,14.72,10.43,6.97,5.06,5.74,2.48,0.98,0.85,0.72,0.88,0.38,0.23
180,831,47.55,14.75,9.8,8.69,6.12,6.18,2.46,0.96,0.93,0.67,0.94,0.4,0.23
181,833,48.35,15.76,9.64,6.48,5.04,7.25,2.58,1.03,0.95,0.7,1.26,0.39,0.27
182,842,39.78,17.05,8.78,9.08,12.7,6.04,2.42,0.84,0.89,0.24,1.45,0.13,0.4
183,844,53.5,17.24,9.54,3.03,3.33,3.76,3.41,1.25,2.32,0.96,0.82,0.38,0.16
184,844,53.71,18.67,9.58,2.22,2.88,3,3.66,1.28,2.51,1.01,0.7,0.36,0.16
185,853,42.84,19.17,9.52,4.58,8.75,6.66,3.02,1.04,1.06,0.46,2.01,0.17,0.42
186,854,43.36,15.6,10.45,5.17,12.19,6.35,2.59,0.61,0.74,0.36,1.73,0.23,0.42
187,854,42.49,19.83,9.52,4.86,9.04,7.04,2.46,1.01,0.93,0.45,1.17,0.41,0.47
188,867,48.57,15.48,12.61,6.73,4.63,4.41,2.53,1.14,1.45,0.74,0.47,0.45,0.35
189,871,50.24,13.79,12.92,6.76,4.19,4.53,2.78,1.07,1.51,0.66,0.43,0.41,0.33
190,880,50.87,13.21,11.59,7.11,4.34,4.96,2.74,1.08,1.45,0.69,0.88,0.34,0.35
191,881,50.63,15.08,12.33,5.01,4.47,3.87,3.06,1.2,1.48,0.74,0.77,0.41,0.38
192,884,51.29,14.59,11.88,5.32,4.52,4.47,2.99,1.18,1.42,0.63,0.53,0.37,0.4
193,888,49.92,15.48,11.49,6.19,4.45,4.69,3,1.1,1.28,0.73,0.46,0.36,0.38
194,889,48.29,15.05,10.65,7.53,4.98,5.87,2.42,1.02,1.37,0.65,1.07,0.38,0.34
195,889,40.78,12.24,8.99,15.78,9.2,6.06,2.42,0.95,1.21,0.47,0.93,0.37,0.28
196,894,49.48,16.11,11.43,6.27,4.33,4.55,3.01,1.19,1.29,0.73,0.43,0.37,0.4
197,905,56.09,18.69,8.03,2.86,4.21,4.48,0.85,0.63,0.09,0.98,0.46,0.46,0.41
198,905,54.07,18.19,9.89,2.8,3.81,3.4,3.18,1.14,1.52,0.93,0.36,0.34,0.18
199,922,51.87,19.85,11.06,1.85,4.03,3.04,3.56,1.28,1.27,0.97,0.34,0.4,0.25
200,930,30.93,14.61,5.29,12.18,25.26,5.65,1.5,0.52,0.88,0.09,1.66,0.19,0.9
201,935,28.99,14.28,5.01,10.95,28.7,5.78,1.52,0.5,0.71,0.12,1.69,0.19,1.04
202,935,12.65,5.83,2.73,39.07,32.44,3.72,1.36,0.17,0.51,0.07,0.88,0.13,0.29
203,935,32.2,13.66,5.18,12.35,25.15,5.44,1.51,0.45,0.87,0.1,1.56,0.26,0.89
204,935,28.27,11.82,4.1,23.71,21.5,5.4,1.34,0.47,1.01,0.2,1.28,0.15,0.52
205,935,14.41,4.91,2.92,40.78,29.71,3.95,1.33,0.18,0.64,0.11,0.72,0.11,0.1
206,936,48.99,16.23,9.34,6.71,5.34,5.75,2.95,1.16,1.33,0.77,0.64,0.34,0.22
207,937,25.2,8.78,5.37,29.58,20.58,5.58,1.93,0.52,0.91,0.25,0.73,0.22,0.18
208,937,26.99,12.94,4.74,19.22,25.23,5.83,1.25,0.46,0.71,0.07,1.5,0.2,0.52
209,937,28.05,15.35,4.97,21.04,19.35,5.31,1.44,0.45,0.84,0.05,1.69,0.21,0.84
210,937,28.37,14.33,5,11.27,29.28,5.75,1.51,0.49,0.73,0.11,1.68,0.16,0.93
211,942,49.78,16.99,11.21,2.29,5.71,3.95,4.03,0.99,0.76,2.83,0.7,0.28,0.29
212,948,35.53,15.71,4.88,15.31,13.69,8.54,1.47,0.62,1.44,0.69,1.34,0.25,0.24
213,948,47.59,23.42,4.64,7.72,2.87,4.86,1.9,0.59,2.72,1.17,1.43,0.63,0.16
214,954,52.7,18.68,10.74,2.54,4.37,2.93,3.34,1.23,1.33,0.98,0.3,0.36,0.25
215,955,44.3,19.48,9.24,5.2,6.46,7.89,2.86,1.08,0.92,0.83,0.74,0.47,0.4
216,974,44.07,18.95,10.32,4.87,6.08,8.13,2.89,0.95,0.98,0.6,1.2,0.32,0.5
217,975,38.69,25.58,8.84,6.62,5.09,7.71,2.5,0.95,0.9,0.49,1.71,0.26,0.5
218,989,53.79,15.5,8.66,4.46,4.28,5.39,2.86,1.29,1.53,0.82,0.66,0.33,0.19
219,998,44.72,15.84,10.44,6.46,6.63,8.41,2.69,1.05,0.94,0.44,1.22,0.7,0.35
220,999,62.99,6.62,7.71,5.47,3.78,4.32,2.96,1.55,2.39,0.97,0.8,0.08,0.09
221,1028,53.26,10.85,6.7,10.53,5.36,6.21,2.39,1.09,1.11,0.5,1.11,0.5,0.11
222,1028,52.73,9.81,6.18,12.56,6.57,5.86,2.16,0.92,1.05,0.43,1,0.38,0.1
223,1028,53.13,10.71,6.53,11.05,5.55,6.16,2.34,1.09,1.19,0.5,1.03,0.46,0.12
224,1032,58.78,7.71,6.88,9.18,5.95,4.14,2.46,1.13,1.65,0.44,0.94,0.45,0.09
225,1041,72.56,2.68,5.01,6.62,2.71,3.26,2.12,1.48,1.41,1.3,0.58,0.03,0.04
226,1057,62.51,4.96,6.84,8.77,4.9,4.88,2.36,1.48,1.22,0.8,0.88,0.1,0.12
227,1057,68.09,4.4,6.09,7.21,3.87,3.45,2.15,1.51,1.32,0.82,0.71,0.1,0.08
228,1059,71.47,3.77,5.36,7.68,4.81,0.46,1.97,1.7,1.37,0.8,0.29,0.06,0.07
229,1061,55.4,7,7.97,8.75,5.65,7.38,2.67,1.44,1.17,0.81,1.2,0.14,0.16
230,1064,72.5,4.42,4.75,7.55,2.42,1.93,1.87,1.65,1.29,1,0.34,0.05,0.06
231,1065,74.43,4.94,5.45,4.85,2.99,0.72,2.01,1.66,1.29,0.99,0.28,0.08,0.08
232,1082,45.65,18.47,10.44,2.62,7.08,7.8,3.43,0.85,0.78,1.36,0.52,0.5,0.41
233,1089,68.07,9.87,6.06,4.6,3.35,1.53,2.1,1.43,1.17,0.86,0.35,0.2,0.17
234,1091,61.04,8.6,6.07,6.51,3.74,4.47,2.57,1.29,2.51,0.55,2.01,0.23,0.09
235,1092,73.65,5.49,5.66,4.8,3.05,0.82,2.08,1.57,1.25,0.96,0.29,0.1,0.09
236,1092,43.87,18.82,9.31,5.63,6.49,8.84,2.63,0.94,0.95,0.45,1.08,0.47,0.42
237,1092,62.07,5.65,4.11,11.04,5.23,4.17,2.2,1.48,2.28,0.42,0.98,0.1,0.04
238,1097,43.39,17.83,11.32,5.66,5.98,8.17,2.78,0.96,0.88,0.48,1.56,0.48,0.35
239,1102,43.57,19.87,8.86,5.08,5.86,8.42,3.25,0.89,0.74,0.93,1.52,0.39,0.53
240,1105,47.14,18.51,8.93,5.99,5.65,6.38,2.6,1.06,1.21,0.79,0.68,0.32,0.41
241,1109,53.1,16.57,6.14,8.15,4.57,5.07,2.1,1.12,1.03,0.73,0.84,0.28,0.08
242,1110,66.83,6.08,3.45,9.55,3.4,3.56,1.75,1.31,1.93,0.84,0.81,0.2,0.07
243,1114,43.96,18.44,9.38,5.93,6.36,8.82,2.68,0.96,0.87,0.43,1.18,0.42,0.39
244,1114,43.4,17.36,9.71,6.88,6.87,8.52,2.79,0.93,0.94,0.47,1.27,0.42,0.36
245,1116,42.14,19.5,12.41,3.42,6.79,8.23,3.23,0.92,0.8,0.51,1.21,0.38,0.4
246,1123,41.7,19.14,11.3,5.57,7.42,8.05,3,0.9,0.73,0.49,0.79,0.45,0.39
247,1124,43.66,18.51,9.57,6,6.53,8.54,2.71,0.92,0.89,0.42,1.36,0.4,0.39
248,1126,45.19,17.22,12.18,4.61,6.77,6.88,3.15,0.95,0.84,0.5,0.84,0.4,0.34
249,1130,56.23,9.43,5.48,10.78,5.98,4.77,2.53,1,1.24,0.44,1.54,0.34,0.09
250,1132,42.95,21.55,11.52,3.35,6.12,7.49,3.08,1,0.72,0.46,0.73,0.51,0.4
251,1134,63.59,7.96,1.27,13.1,6.58,0.99,1.96,1.14,1.84,0.23,0.82,0.31,0.05
252,1142,59.15,10.39,2.86,13.07,7.1,1.47,2.15,0.91,1.56,0.29,0.54,0.28,0.07
253,1143,58.76,7.04,5.42,10.72,5.74,5.6,2.4,1.14,1.09,0.41,1.11,0.32,0.09
254,1143,53.88,12.44,3.98,13.38,8.29,2.11,2.33,0.95,1.34,0.3,0.49,0.33,0.1
255,1150,44.49,19.76,8.84,3.96,6.15,9.54,2.73,0.87,0.78,0.29,1.65,0.43,0.44
256,1150,44.45,20.52,8.7,3.89,6.13,9.25,2.58,0.89,0.72,0.32,1.59,0.43,0.44
257,1151,44.61,19.36,8.79,4.9,5.51,10.12,2.56,0.87,0.76,0.31,1.33,0.41,0.43
258,1157,50.7,17.42,9.26,6.28,4.81,4.94,2.55,1.02,0.53,0.98,0.72,0.3,0.22
259,1157,52.45,17.28,9.23,5.46,4.45,4.55,2.53,1.03,0.48,1.05,0.71,0.31,0.22
260,1166,51.24,17.17,9.31,4.92,4.02,5.62,2.71,1.06,0.74,0.93,1.38,0.3,0.33
261,1182,44.48,20.61,8.46,3.61,6.81,9.85,2.55,0.96,0.86,0.39,0.64,0.3,0.38
262,1182,45.69,18.83,9.83,3.19,7.29,8.98,2.74,0.89,0.77,0.43,0.51,0.43,0.41
263,1184,44.56,20.76,8.49,3.28,7.04,9.97,2.27,0.9,0.76,0.35,0.51,0.53,0.4
264,1184,48.11,16.02,10.87,4.07,6.55,7.46,3.22,0.82,1,0.56,0.72,0.2,0.34
265,1191,44.7,16.19,9.05,10.35,5.04,7.48,2.44,0.92,1.23,0.67,1.03,0.27,0.21
266,1191,46.29,16.27,9.45,7.41,5.57,7.69,2.64,1.03,1.14,0.6,1.12,0.3,0.27
267,1202,52.89,14.71,4.34,11.76,7.66,2.37,2.54,1.05,1.22,0.33,0.45,0.44,0.15
268,1202,53.24,15.25,3.92,11.92,7.8,1.81,2.43,1,1.15,0.3,0.46,0.45,0.14
269,1202,48.15,17.5,10.01,2.82,7.2,8.36,2.67,0.84,0.75,0.48,0.5,0.32,0.37
270,1225,45.74,19.97,9.16,2.87,7.13,9.32,2.35,0.84,0.73,0.39,0.49,0.47,0.39
271,1226,47.88,17.91,9.78,3.36,7.3,7.57,2.75,0.88,0.79,0.49,0.5,0.39,0.37
272,1231,45.85,20.08,8.46,2.29,6.55,11.46,2.43,0.71,0.7,0.35,0.4,0.3,0.42
273,1241,45.53,20.02,8.33,2.57,7,11.24,2.27,0.75,0.75,0.38,0.44,0.28,0.38
274,1242,46.24,19.82,7.88,2.92,6.68,11.5,1.72,0.68,0.78,0.4,0.5,0.24,0.43
275,1242,45.42,20.3,8.15,2.57,6.88,11.71,1.87,0.74,0.72,0.37,0.44,0.32,0.36
276,1245,48.88,19.17,8.77,6.36,4.19,5.53,2.43,0.92,0.9,1.15,0.8,0.25,0.25
277,1245,46.48,17.58,8.48,9.71,5.9,5.11,2.42,0.95,0.76,1.09,0.81,0.27,0.17
278,1251,46.64,16.96,8.5,9.9,4.86,5.99,2.23,0.93,0.97,1.04,1.24,0.28,0.15
279,1253,48.31,16.92,10.21,3.18,7.27,7.79,2.73,0.81,0.82,0.51,0.55,0.38,0.34
280,1253,49.2,18.15,8.99,6.34,4.22,5.93,2.55,1.04,0.75,0.92,1.08,0.29,0.18
281,1253,46.13,20.46,7.98,3.3,6.19,10.31,2.29,0.78,0.74,0.44,0.62,0.3,0.35
282,1259,46.74,17.53,8.49,8.58,4.45,6.8,2.5,0.94,0.99,0.95,1.18,0.24,0.27
283,1259,48.52,17.33,9.07,7.47,4.53,6.08,2.61,0.99,0.83,0.85,0.82,0.3,0.28
284,1266,50.29,18.3,9.02,4.68,4.35,5.94,2.58,1,0.83,1.08,1.02,0.28,0.26
285,1273,51.7,16.94,9.36,5.21,4.41,5.13,2.59,1.04,0.66,1.22,0.96,0.29,0.26
286,1273,48.6,18.04,9.71,5.24,5.21,5.7,2.56,0.94,1.09,1.03,1,0.26,0.16
287,1273,50.71,16.56,10.38,4.09,4.85,5.78,2.69,1.05,1.03,1.12,0.88,0.35,0.12
288,1275,14.89,4.21,3.57,40.32,29.39,3.99,1.59,0.22,0.78,0.13,0.6,0.12,0.1
289,1275,52.19,18.17,9.59,4.1,3.94,5.03,2.55,1.05,0.85,1.06,0.56,0.32,0.3
290,1277,41.63,19.65,9,6.91,7.19,8.77,2.71,0.94,0.83,0.51,0.91,0.42,0.36
291,1277,43.04,19.32,8.55,6.64,6.72,8.68,2.62,1.01,0.94,0.48,0.97,0.49,0.38
292,1278,41.63,17.98,8.58,8.86,7.07,9.2,2.58,0.88,0.88,0.46,0.95,0.4,0.35
293,1278,40.08,16.59,7.97,11.72,6.81,10.21,2.54,0.85,0.85,0.42,1.08,0.38,0.35
294,1278,39.76,16.47,7.97,12.07,6.78,10.34,2.48,0.81,0.86,0.41,1.15,0.36,0.35
295,1278,39.27,16.46,7.7,12.73,6.75,10.43,2.48,0.83,0.86,0.43,1.16,0.4,0.35
296,1279,40.98,19.19,9.15,7.5,7.24,8.83,2.77,0.93,0.94,0.54,0.97,0.33,0.39
297,1279,41.54,19.71,8.98,6.92,7.15,8.68,2.74,0.98,0.94,0.49,0.97,0.32,0.4
298,1280,40.83,19.43,8.88,7.86,7.21,8.84,2.66,0.96,0.95,0.49,0.99,0.32,0.39
299,1287,31.58,11.54,5.96,23.2,15.89,6.15,2.3,0.58,0.78,0.3,1.07,0.21,0.27
300,1288,43.67,18.56,10.48,4.73,5.92,9.53,2.56,0.87,0.8,0.38,1.51,0.46,0.4
301,1294,41.96,19.75,8.18,7.17,6.33,9.8,2.63,0.88,0.89,0.35,1.11,0.39,0.4
302,1300,58.04,5.72,5.55,11.15,6.97,5.4,2.48,1.16,0.99,0.47,1.38,0.43,0.12
303,1300,45.03,15.52,8.93,8.62,7.52,7.18,2.99,0.88,0.84,0.48,1.21,0.43,0.27
304,1313,50.12,15.36,8.7,5.94,5.73,6.1,3,0.95,1.01,0.57,1.84,0.38,0.2
305,1313,66.61,5.68,4.21,7.84,3.85,4.44,2.16,1.34,1.7,0.33,1.23,0.4,0.07
306,1314,49.03,14.57,8.85,6.58,6.56,6.23,3.04,0.93,0.91,0.49,2.08,0.38,0.26
307,1318,57.99,5.83,5.6,11.32,6.97,5.15,2.07,1.02,0.9,0.46,1.71,0.42,0.05
308,1318,54.58,6.9,5.95,11.9,7.54,5.22,2.63,1.01,1.18,0.47,1.9,0.41,0.12
309,1318,54.86,9.82,5.78,11.2,6.57,3.9,2.67,0.91,1.06,0.43,2.15,0.34,0.1
310,1319,63.51,5.06,4.41,9.52,4.88,3.91,2.39,1.13,1.53,0.5,2.62,0.35,0.09
311,1319,63.1,5.1,4.35,9.62,5.01,3.96,2.49,1.12,1.5,0.49,2.68,0.37,0.08
312,1325,63.58,4.31,2.12,15.07,8.58,1.06,1.59,1.07,1.49,0.29,0.31,0.34,0.06
313,1326,59.75,8.22,3.09,13.69,8.22,1.55,1.92,1.11,1.33,0.31,0.32,0.29,0.09
314,1327,48.62,16.79,6.95,8.03,6.3,6.28,2.57,1.02,0.98,0.44,1.07,0.48,0.34
315,1327,44.6,16.21,8.1,9.47,6.84,7.7,2.67,0.96,0.93,0.47,1.21,0.42,0.3
316,1327,45.76,17.39,8.02,7.83,6.37,7.45,2.67,1,0.94,0.44,1.25,0.45,0.32
317,1330,43.49,19.72,9.03,5.04,6.35,9.14,2.83,0.93,0.91,0.4,1.24,0.37,0.4
318,1330,42.84,20.33,9.03,5.28,6.4,9.07,2.8,0.87,0.92,0.41,1.16,0.38,0.38
319,1337,44.67,22.13,9.49,0.65,6.54,9.96,2.92,0.95,0.78,0.33,0.63,0.38,0.41
320,1339,47.31,19.04,10.62,1.04,6.63,8.6,3.21,0.92,0.72,0.43,0.61,0.33,0.38
321,1341,44.1,18.39,9.43,5.59,6.57,8.49,2.99,0.91,0.98,0.45,1.25,0.34,0.37
322,1341,43.44,19.04,11.78,3.94,4.98,9.23,2.64,0.81,0.87,0.41,1.9,0.49,0.32
323,1348,44.68,14.8,13.29,5.2,6.34,7.68,2.95,0.86,0.86,0.42,1.94,0.51,0.29
324,1348,43.79,19.84,8.75,4.96,6.84,8.74,2.79,0.96,0.95,0.36,1.1,0.35,0.39
325,1351,43.61,19.55,8.86,5.39,6.69,8.85,2.73,0.97,0.87,0.42,1.09,0.4,0.38
326,1352,50.1,15.42,7.47,7.07,5.34,5.33,2.99,0.93,1.85,0.51,2.36,0.35,0.18
327,1355,44.77,19.19,8.69,7.37,5.36,7.28,2.42,1.06,0.9,0.81,1.3,0.3,0.28
328,1355,51.96,17.74,10.1,4.22,3.78,5.25,2.71,1.03,0.57,1.02,0.82,0.3,0.24
329,1358,53.01,16.03,9.72,4.79,4.2,5.76,2.6,1.05,0.53,0.91,0.57,0.35,0.23
330,1358,52.95,16.17,9.65,4.76,4.34,5.71,2.5,1.07,0.53,0.87,0.57,0.34,0.23
331,1359,45.1,22.39,9.64,0.96,6.36,8.97,3.08,0.94,0.75,0.37,0.5,0.41,0.39
332,1364,52.87,19.17,9.37,3.54,4.03,4.84,2.52,1.09,0.5,0.85,0.35,0.34,0.28
333,1366,52.45,15.77,9.59,5.48,4.62,5.57,2.6,1.05,0.59,0.86,0.57,0.33,0.26
334,1368,51.82,18.74,9.4,4.36,4.55,4.9,2.59,1.05,0.52,0.87,0.35,0.32,0.22
335,1375,43.4,17.21,9.04,9.71,4.53,7.66,2.85,0.93,1.07,0.76,2.16,0.27,0.19
336,1376,43.71,17.31,8.88,9.47,4.48,7.58,2.84,0.94,1.07,0.76,2.17,0.26,0.18
337,1380,45.3,16.06,8.78,9.01,5.79,8.35,2.45,0.86,0.64,0.73,1.14,0.3,0.21
338,1380,47.64,16.5,9.15,6.8,4.59,8.65,2.35,1,0.61,0.79,1.09,0.29,0.25
339,1386,44.26,18.27,9.23,7.89,5.4,7.35,2.65,0.91,0.98,0.67,1.44,0.31,0.14
340,1403,48.09,18.42,9.24,6.43,4.09,6.1,2.51,1.04,1.06,0.77,1.54,0.31,0.12
341,1405,45.82,19.22,8.94,7.97,4.49,5.51,2.25,1.27,1.02,1.17,1.39,0.45,0.2
342,1407,54.08,14.37,9.22,4.3,3.83,4.55,3.92,0.86,0.71,2.61,1.02,0.08,0.22
343,1409,47.22,17.22,10.42,3.22,6.55,7.27,3.2,1.22,1.18,0.61,1.11,0.28,0.35
344,1409,46.18,17.56,10.38,3.23,7.04,7.72,3.14,1.05,1.09,0.49,1.31,0.26,0.39
345,1409,42.34,15.12,9.35,9.5,9.18,7.09,3,0.9,1.03,0.51,1.3,0.26,0.29
346,1409,47.99,16.14,9.5,4.22,6.83,7.26,3.21,0.97,1.23,0.62,1.33,0.25,0.33
347,1409,59.25,12.69,9.34,2.87,2.96,2.64,4.52,0.82,0.57,3.17,0.71,0.03,0.21
348,1416,46.17,19.84,8.7,7.48,4.56,6.06,2.45,1.01,0.8,0.82,1.37,0.32,0.12
349,1417,47.85,19.37,9.03,6.73,3.85,5.03,2.57,1.04,0.75,0.96,2.14,0.3,0.09
350,1418,45.89,19.68,8.2,8.32,4.76,5.55,2.15,1.05,1.21,0.88,1.54,0.28,0.09
351,1418,45.17,19.04,8.08,9.4,5.38,5.52,2.16,0.97,1.36,0.81,1.45,0.27,0.08
352,1419,48.65,20.25,9,5.58,5.07,5.08,2.59,1.04,0.61,0.81,0.56,0.32,0.16
353,1426,45.99,22.53,8.49,6.78,5.27,4.58,2.11,1.07,1.05,0.83,0.48,0.33,0.09
354,1436,46.14,18.92,8.87,8.46,4.43,5.63,2.37,1.02,0.89,0.8,1.59,0.32,0.18
355,1444,44.37,18.5,8.13,10.97,6.58,5.22,2.02,1,0.98,0.76,0.83,0.28,0.13
356,1444,48.61,21.12,8.76,4.85,3.93,5.72,2.18,1.09,1.12,0.79,1.02,0.32,0.15
357,1457,47.12,19.16,8.68,7.28,5.51,5.3,2.32,1.04,1.12,0.72,1,0.29,0.18
358,1457,48.48,19.33,8.85,5.9,4.97,4.91,2.51,1.07,1.14,0.77,1.25,0.3,0.22
359,1459,45.71,20.66,8.57,7.72,6.01,4.63,2.26,1.08,0.85,0.79,0.92,0.33,0.19
360,1466,44.81,18.93,8.48,9.3,7.48,4.1,2.19,1.05,1.1,0.77,1.01,0.29,0.22
361,1474,46.8,16.24,8.47,10.36,3.47,7.49,2.13,0.9,0.86,0.72,1.56,0.33,0.15
362,1474,46.35,16.24,8.47,10.45,3.73,7.51,2.15,1.03,0.88,0.73,1.63,0.3,0.17
363,1477,40.5,24.4,8.83,5.4,3.67,6.94,2.67,1.02,2.21,0.62,2.7,0.38,0.2
364,1477,40.14,22.01,9.33,7.12,4.52,7.47,2.89,1.05,1.73,0.49,2.29,0.35,0.22
365,1480,45.88,17.81,9.02,8.14,6.05,6.74,2.41,0.99,0.66,0.74,0.8,0.37,0.19
366,1484,35.79,26.81,7.24,12.12,4.69,6.3,2.26,0.77,1.02,0.97,1.43,0.24,0.13
367,1484,44.91,15.03,9.13,9.91,6.64,6.3,2.62,1.12,1.01,0.59,1.92,0.33,0.16
368,1491,42.62,15.98,7.86,12.83,8.61,5.24,2.4,0.96,0.65,0.65,1.45,0.29,0.15
369,1491,44.59,16.82,8.3,10.86,7.46,5.22,2.38,1.02,0.64,0.7,1.3,0.31,0.15
370,1493,45.3,18.98,8.65,7.63,6.51,5.53,2.53,1.07,0.93,0.71,1.33,0.33,0.23
371,1494,46.48,19.32,9.34,4.76,6.56,6.66,2.58,0.96,0.9,0.6,0.93,0.38,0.34
372,1494,46,19.13,8.98,6.12,6.2,6.07,2.62,0.97,0.93,0.63,1.34,0.44,0.28
373,1494,46.89,18.3,9.54,5.16,6.61,6.39,2.68,0.97,0.91,0.67,1.01,0.37,0.31
374,1496,46.17,18.3,8.68,9.13,7.13,4.25,2.01,1.1,0.61,0.83,1.06,0.3,0.16
375,1497,44.99,15.95,8.28,11.25,7.87,5.12,2.26,1.01,0.62,0.76,1.14,0.32,0.18
376,1504,49.95,17.32,9,5.8,4.43,6.09,2.48,1.12,0.93,0.77,1.32,0.34,0.15
377,1504,44.43,19.36,8.15,11.39,3.55,5.2,2.31,0.93,0.68,1.92,1.43,0.27,0.13
378,1511,51.04,21.52,8.95,3.07,2.74,4.93,2.38,1.1,1.04,1.14,1.17,0.35,0.14
379,1512,50.03,21.29,8.43,5.29,3.7,4.31,2.04,1.14,0.82,1.11,0.98,0.33,0.13
380,1518,45.41,19.49,9.7,3.04,7.17,8.86,2.69,0.93,0.81,0.46,0.5,0.42,0.39
381,1518,45.54,19.03,9.66,2.97,7.39,9.11,2.61,0.91,0.79,0.48,0.49,0.49,0.41
382,1523,32.36,12.91,6.48,22.48,13.87,5.36,2.06,0.76,1.24,0.36,1.63,0.19,0.16
383,1524,35.64,24.45,7.38,12.61,6.07,6.24,2.29,0.88,0.95,1.17,1.61,0.26,0.18
384,1525,51.21,18.89,9.12,5.49,2.75,5.04,2.35,1.11,0.9,0.95,1.41,0.39,0.12
385,1531,53.06,21.91,9.86,2.49,2.21,3.62,2.2,1.11,1.17,0.84,0.83,0.39,0.08
386,1531,53.49,22.14,9.94,2.16,2.08,3.45,2.18,1.11,1.15,0.83,0.76,0.4,0.08
387,1533,43.74,18.59,8.3,10.58,7.54,4.76,2.26,1.01,0.67,0.72,1.05,0.35,0.19
388,1537,11.94,4.43,2.57,44.13,31.87,2.4,1.2,0.12,0.51,0.07,0.58,0.11,0.03
389,1552,45.18,15.93,7.87,13.05,7.39,3.99,2.18,0.96,1,0.98,0.79,0.31,0.09
390,1552,52.91,18.67,9.52,4.16,2.99,4.62,2.37,1.16,0.93,0.95,0.99,0.41,0.1
391,1566,46.44,19.66,9.13,5.85,3.36,6.08,2.86,1.06,1.03,0.68,2.97,0.3,0.16
392,1566,44.8,21.39,9.13,6.29,3.75,5.96,2.62,1.01,1,0.83,2.38,0.32,0.18
393,1567,47.45,18.86,9.86,5.3,3.21,6.32,2.77,1.08,1.03,0.75,2.46,0.4,0.17
394,1569,44.47,21.5,8.77,6.45,3.42,5.94,2.72,1.06,1.33,0.81,2.66,0.31,0.16
395,1569,44.34,19.05,9.14,7.43,4.27,6.34,2.95,0.98,0.99,0.84,2.68,0.41,0.19
396,1570,34.04,24.83,7.54,13.34,3.95,5.86,3.22,0.75,0.87,2.29,2.51,0.33,0.2
397,1571,42.91,22.37,8.49,7.94,3.58,6.26,2.55,0.95,1.19,0.82,2.12,0.27,0.17
398,1572,48.03,22.01,8.93,5.24,2.44,5.64,2.27,1.06,1.38,0.88,1.41,0.3,0.13
399,1576,46.31,19.64,8.41,9.04,2.53,7.07,2.34,1.01,0.75,0.97,1.17,0.3,0.16
400,1577,50.03,22.41,8.9,3.26,2.8,5.04,2.33,1.07,0.97,0.99,1.06,0.35,0.16
401,1581,32.78,21.26,6.49,15.35,9.17,5.69,2.02,0.69,4.22,0.54,1.13,0.24,0.22
402,1581,46.72,20.83,8.46,6.16,3.65,6.61,2.29,1.06,1.14,0.88,1.37,0.32,0.19
403,1584,48.64,20.48,8.66,4.55,3.32,6.18,2.36,1.14,0.92,0.88,1.97,0.32,0.17
404,1586,47.52,21.15,8.42,5.32,3.62,5.97,2.46,1.09,1.07,0.82,1.59,0.33,0.18
405,1586,49.1,19.61,8.69,6.46,2.42,6.5,2.25,1.09,0.83,0.94,1.29,0.32,0.16
406,1589,45.5,20.91,8.25,6.79,4.07,6.11,2.44,1.04,1.1,0.74,2.16,0.26,0.23
407,1589,47.49,20.66,8.44,4.99,3.2,6.06,2.69,1.06,1.04,0.86,2.56,0.3,0.2
408,1591,49.88,22.18,8.97,3.67,2.91,5.35,2.32,1.06,0.95,0.84,0.95,0.33,0.16
409,1591,47.33,21.46,8.41,6.6,4.15,5,2.24,1.15,0.9,0.8,1.14,0.34,0.15
410,1593,46.69,20.83,8.4,6.12,3.42,5.68,2.67,1.04,0.86,0.86,2.46,0.32,0.18
411,1593,47.72,20.38,8.75,5.46,3.36,5.97,2.59,1.1,0.81,0.84,2.13,0.31,0.19
412,1596,49.35,20.89,9.34,4.09,2.6,5.88,2.44,1.11,0.98,0.96,1.41,0.36,0.16
413,1598,48.06,21.68,9,3.73,3.28,5.33,2.92,1.04,1.27,1,1.65,0.39,0.2
414,1600,46.24,20.15,8.31,6.64,4.32,5.71,2.55,1.05,1.46,0.82,1.9,0.3,0.19
415,1600,44.97,20.43,8.71,3.06,6.11,8.15,2.92,1.04,0.85,2.01,0.69,0.4,0.41
416,1602,44.26,20.73,9.09,3.1,7.35,9.28,2.32,1.06,0.74,0.39,0.47,0.64,0.44
417,1602,44.09,20.46,9.1,2.96,7.25,9.76,2.53,1.02,0.77,0.41,0.45,0.66,0.44
418,1603,43.93,21.11,8.57,2.61,6.94,10.97,2.44,0.88,0.74,0.37,0.44,0.45,0.43
419,1606,47.96,19.87,8.74,5.47,3.42,7.27,2.33,1.07,0.87,0.78,1.36,0.34,0.17
420,1606,42.24,19.7,10.02,4.73,9.89,7.81,2.31,0.76,0.74,0.16,0.74,0.38,0.44
421,1609,46.11,19.43,9.08,2.63,6.44,9.36,2.61,0.88,0.77,0.29,1.32,0.5,0.37
422,1609,49.73,20.59,8.86,3.7,3.1,6.25,2.31,1.12,1.28,0.86,1.35,0.32,0.15
423,1614,43.25,18.46,7.97,10.96,7.15,5.22,2.19,1.01,1.22,0.82,1.05,0.27,0.17
424,1614,43.06,18.32,7.88,11.27,6.89,5.27,2.44,1.02,0.95,0.86,1.36,0.28,0.13
425,1614,43.71,18.99,7.98,10.69,6.16,5.54,2.16,1,1.04,0.9,1.11,0.3,0.15
426,1614,42.59,17.95,8.18,10.93,8,5.8,2.25,0.93,1.03,0.72,0.86,0.34,0.2
427,1618,43.35,21.52,8.67,3.02,7.18,9.73,2.41,1.13,0.75,0.39,0.49,0.79,0.45
428,1618,43.97,20.82,8.91,2.99,7.28,9.75,2.43,1.02,0.77,0.39,0.47,0.63,0.45
429,1630,51.35,22.07,9,3.14,2.64,4.71,2.24,1.2,0.93,0.98,0.75,0.35,0.17
430,1632,42.27,25.6,7.91,5.52,3.58,5.77,2.51,1.01,1.94,0.7,2.15,0.27,0.39
431,1634,47.42,22.56,8.44,4.82,2.76,6.09,2.36,0.97,1.05,0.77,1.79,0.28,0.2
432,1634,46.43,20.96,8.26,6.9,3.75,6.01,2.31,1.04,0.95,0.79,1.8,0.28,0.18
433,1634,45.37,20.32,8.32,7.41,4.53,6.15,2.4,1.02,1.07,0.74,1.8,0.31,0.21
434,1637,43.49,21.3,8.85,3.09,7.11,9.71,2.53,1.08,0.75,0.38,0.46,0.71,0.43
435,1637,42.43,22.79,7.63,2.58,6.64,12.27,2.18,0.96,0.69,0.31,0.41,0.51,0.47
436,1638,35.78,15.92,6.65,17.02,11.27,5.55,2.24,0.84,1.98,0.53,1.39,0.28,0.29
437,1638,44.8,19.68,9.57,2.97,7.33,9.42,2.65,0.88,0.76,0.43,0.48,0.49,0.42
438,1640,51.09,19.16,9.39,4.28,2.76,6.4,2.41,1.12,0.71,0.8,1.08,0.32,0.16
439,1641,50.41,19.41,9.08,4.85,2.73,6.4,2.22,1.03,0.71,0.8,1.3,0.34,0.14
440,1644,48.75,21.2,8.62,4.49,2.92,6.45,2.39,1.05,0.97,0.83,1.46,0.33,0.18
441,1647,26.87,14.9,5.13,26.45,16.36,4.22,2.22,0.59,0.84,0.36,1.55,0.19,0.16
442,1650,44.45,20.21,9.26,2.82,7.24,9.93,2.53,0.91,0.73,0.4,0.45,0.52,0.42
443,1659,43.38,21.45,8.89,3.12,7.03,9.72,2.42,1.05,0.77,0.38,0.47,0.73,0.47
444,1661,39.43,33.11,7.29,5.23,2.79,5.97,2.05,0.87,1,0.54,0.94,0.21,0.28
445,1661,48.85,21.05,8.92,4.68,2.82,6.34,2.41,1.03,1.17,0.78,1.01,0.3,0.33
446,1662,50.64,20.45,9.13,3.22,2.85,6.02,2.49,1.14,1.06,0.85,1.22,0.37,0.24
447,1668,33.07,38.14,6.79,4.15,3.13,6.95,2.63,0.82,1.1,0.47,1.8,0.26,0.39
448,1668,44.37,24.14,7.89,4.67,2.4,7.93,2.31,0.91,1.8,0.68,1.53,0.28,0.49
449,1668,49.03,20.4,8.95,5.17,2.81,5.94,2.59,1.11,0.98,0.8,1.3,0.32,0.25
450,1671,42.08,17.33,7.75,13.31,7.68,4.96,2.1,1.04,1.13,0.69,0.84,0.35,0.23
451,1677,45.95,19.68,8.24,7.39,2.8,7.23,2.5,1.04,0.97,0.78,2.34,0.32,0.26
452,1679,43.02,17.98,7.98,9.77,4.33,7.07,2.32,0.89,2.97,0.6,1.36,0.26,1.21
453,1681,40.71,16.17,7.97,13.48,5.68,7.7,2.44,0.89,1.58,0.71,1.57,0.27,0.49
454,1681,40.4,16.17,7.87,13.87,6.84,6.94,2.19,0.85,2.02,0.63,0.92,0.28,0.75
455,1681,41.45,17.19,8.1,12.29,5.09,7.55,2.33,0.99,1.95,0.7,1.14,0.29,0.69
456,1681,42.14,16.28,8.3,12.42,5.24,7.79,2.34,1.12,1.57,0.6,1.02,0.31,0.58
457,1681,43.61,19.43,7.91,11.09,6.47,4.89,2.09,1.05,0.96,0.69,0.99,0.27,0.23
458,1685,29.67,9.65,6.41,26.11,17.58,4.96,2.2,0.67,0.59,0.42,0.99,0.21,0.2
459,1686,40.27,31.02,7.1,4.22,3.03,5.81,2.14,0.71,0.79,0.43,1.51,0.13,2.27
460,1687,42.98,20.32,8.62,5.52,7.18,8.8,2.53,1.04,0.95,0.49,0.69,0.33,0.37
461,1687,43.29,18.91,9.5,5.24,7.49,8.65,2.73,1.01,1,0.55,0.72,0.36,0.39
462,1688,45.33,17.53,9.91,4.98,7.22,8.16,2.84,0.94,0.99,0.56,0.72,0.3,0.36
463,1688,45.16,18.63,9.93,3.75,7.59,8.3,2.75,0.98,0.81,0.48,0.57,0.52,0.41
464,1692,42.37,26.8,8.31,4.55,3.12,6.33,2.36,1.01,1.25,0.66,2.11,0.28,0.35
465,1692,41.17,25.17,8.22,6.12,3.57,7.22,2.41,0.94,0.98,0.65,2.1,0.25,0.77
466,1695,42.58,20.58,8.3,7.57,4.81,7.74,2.44,1.01,1.27,0.64,2.06,0.24,0.36
467,1695,42.69,23.41,7.9,6.19,3.81,7.44,2.31,1.04,1.08,0.67,2.27,0.27,0.47
468,1698,40.36,17.96,7.5,12.86,8.22,6.05,2.03,0.95,1.07,0.64,1.31,0.3,0.26
469,1700,42.27,18.31,8.03,11.03,5.13,7.88,2.15,1.02,1.08,0.68,0.99,0.3,0.68
470,1702,20.79,7.59,3.83,35.54,24.2,3.08,1.63,0.36,0.76,0.32,1.32,0.16,0.14
471,1702,19.37,7.35,3.6,36.93,25.56,3.18,1.4,0.25,0.72,0.27,0.95,0.11,0.1
472,1702,25.98,9.28,4.86,28.63,19.48,5.72,1.84,0.55,1.08,0.44,1.55,0.17,0.23
473,1710,34.78,17.45,6.69,17.45,10.6,6.14,2.16,0.81,1.17,0.52,1.41,0.18,0.41
474,1710,33.63,16.96,6.54,17.93,10.87,5.96,2.21,0.82,1.81,0.54,1.72,0.2,0.56
475,1714,34.64,23.49,7.67,10.46,6.73,7.1,2.35,0.86,3.2,0.51,1.69,0.16,0.76
476,1714,37.82,21.28,8.16,10.63,7.02,6.97,2.47,0.84,1.47,0.48,1.76,0.17,0.6
477,1715,47.99,20.37,8.84,5.41,3.56,6.73,2.33,1.14,1.05,0.75,0.83,0.34,0.29
478,1715,47.94,20.14,8.97,5.48,3.52,6.81,2.4,1.14,1.05,0.71,0.81,0.31,0.31
479,1716,35.4,20.25,7.55,12.23,8.47,6.23,2.33,0.92,3.32,0.54,1.41,0.21,0.82
480,1719,46.8,20.19,8.43,6.68,3.08,7.63,2.25,1.04,1.06,0.79,1.13,0.31,0.21
481,1721,46.86,21,8.38,5.26,3.78,7.04,2.28,1.09,1.29,0.75,1.13,0.33,0.28
482,1725,12.01,2.37,2.72,43.63,33.05,3.31,1.41,0.05,0.52,0.07,0.63,0.06,0.05
483,1725,45.09,20.16,8.39,7.92,4.53,6.7,2.25,1.1,1.18,0.71,1,0.3,0.3
484,1725,45.48,21.23,8.47,6.18,3.7,7.31,2.39,1.11,1.17,0.74,1.16,0.32,0.31
485,1727,32.72,19.84,6.86,8.76,3.09,8.89,3.35,0.77,7.56,0.51,3.1,0.2,3.99
486,1729,21,6.44,4.28,34.59,23.98,4.81,1.85,0.36,0.82,0.33,1.2,0.11,0.1
487,1729,45.89,22.02,8.55,5.73,3.54,6.89,2.35,1.05,1.11,0.84,0.9,0.34,0.33
488,1732,37.47,15.33,6.72,18.29,11.55,4.59,2.07,0.79,0.86,0.67,0.82,0.33,0.17
489,1734,23.36,7.96,4.61,32.08,22.6,4.19,1.92,0.42,0.79,0.37,1.34,0.13,0.08
490,1736,46.59,21.98,8.69,4.83,3.61,6.93,2.33,1.07,1.03,0.78,1.15,0.33,0.3
491,1736,49.84,23.09,8.82,2.94,2.59,5.2,2.01,1.17,1.14,1.01,1.12,0.33,0.3
492,1739,24.35,7.7,4.82,31.71,22.27,4.14,1.82,0.45,0.83,0.41,1.14,0.13,0.08
493,1744,43.32,21.69,8.19,6.86,3.05,6.98,2.78,1.01,1.04,0.91,3.07,0.28,0.35
494,1744,48.74,22.79,8.63,3.11,2.77,5.73,2.3,1.16,1.11,1.01,1.49,0.35,0.35
495,1747,29.68,14.82,5.91,24.2,14.93,4.37,2.09,0.68,0.88,0.65,1.16,0.18,0.12
496,1748,29.78,11.31,6.09,25.32,17.11,4.91,2.01,0.7,0.86,0.58,0.84,0.2,0.12
497,1749,44.12,20.31,9.03,3.34,7.32,9.55,2.52,0.97,0.8,0.42,0.51,0.53,0.44
498,1750,41.59,22.54,8.15,3.63,7.31,10.48,2.42,1.09,0.9,0.41,0.54,0.3,0.43
499,1753,46.74,22.28,8.44,5.08,3.68,6.42,2.38,1.01,1.02,0.88,0.97,0.3,0.2
500,1781,48.33,22.74,8.67,3.36,3.6,5.79,2.4,1.18,1.09,0.94,0.79,0.3,0.33
501,1782,25.84,9.38,4.91,30.2,21.12,4.05,1.69,0.46,0.68,0.4,0.82,0.17,0.09
502,1783,23.38,7.16,4.65,32.62,23.51,4.22,1.76,0.35,0.78,0.34,0.87,0.12,0.07
503,1784,47.99,21.25,8.76,5.39,3.48,6.15,2.29,1.1,0.99,0.93,0.8,0.33,0.22
504,1786,46.87,21.06,8.76,5.42,4.24,6.13,2.46,1.03,1.21,0.93,0.83,0.34,0.23
505,1788,46.37,20.69,8.63,6.01,3.77,6.53,2.64,1.09,1.04,0.97,1.34,0.32,0.22
506,1790,42.42,21.92,8.34,2.96,6.99,11.49,2.35,0.92,0.76,0.39,0.45,0.41,0.44
507,1793,46.68,17.62,10.01,3.43,6.82,8.77,2.82,0.93,1,0.54,0.63,0.24,0.36
508,1795,47.04,21.89,8.6,5.73,3.21,6.16,2.35,1.09,1.11,0.97,0.94,0.34,0.24
509,1796,38.44,16.85,7.63,14.8,9.74,6.05,2.26,0.91,1.09,0.62,0.95,0.28,0.17
510,1797,24.86,10.27,4.86,29.33,20.76,4.27,1.95,0.48,0.9,0.47,1.39,0.14,0.11
511,1797,22.88,8.92,4.57,31.73,22.29,4.24,1.92,0.43,0.86,0.42,1.34,0.14,0.11
512,1800,37.34,15.57,7.56,15.92,10.12,5.87,2.71,0.81,0.9,0.72,1.77,0.27,0.17
513,1802,47.99,20.45,8.93,5.57,3.81,6.27,2.29,1.17,1.03,0.86,0.78,0.33,0.16
514,1805,41.93,22.77,8.78,4.01,5.65,8.89,2.45,0.93,2.02,0.55,0.9,0.37,0.46
515,1806,43.12,15.58,7.83,13.6,7.83,5.3,1.98,0.96,1.51,0.79,0.79,0.26,0.17
516,1809,47.64,20.69,9.17,5.04,3.77,6.54,2.44,1.08,0.95,0.8,0.86,0.42,0.16
517,1811,51.79,22.52,9.52,2.78,2.28,4.18,2.13,1.16,0.99,0.91,0.88,0.34,0.12
518,1811,50.48,21.33,9.59,3.8,2.73,5.04,2.31,1.12,0.97,0.9,0.93,0.32,0.1
519,1814,47,20.98,8.79,5.25,3.73,5.94,2.59,1.14,0.85,0.79,2.1,0.32,0.12
520,1816,50.06,22.08,9.57,3.78,2.46,4.69,2.44,1.09,0.98,0.81,1.33,0.32,0.09
521,1818,45.27,20.83,8.65,6.08,4.45,6.68,2.69,1.08,0.84,0.75,1.93,0.33,0.13
522,1818,47.06,20.55,9.05,6.04,3.76,4.27,3.08,1.07,0.82,0.86,2.64,0.32,0.11
523,1818,49.63,21.5,9.3,4,2.68,4.63,2.65,1.14,0.91,0.9,1.96,0.32,0.07
524,1821,46.27,20.14,8.66,6.66,4.38,5.99,2.54,1.04,0.96,0.81,1.77,0.3,0.13
525,1821,47.19,18.78,9.01,6.59,4.4,4.83,2.75,1.07,0.86,0.98,2.78,0.31,0.12
526,1824,45.41,19.08,8.69,7.47,5.57,6.53,2.49,1.02,0.93,0.78,1.1,0.3,0.3
527,1824,46.65,18.03,8.96,8.46,5.19,5.69,2.37,1.05,0.93,0.96,0.88,0.3,0.25
528,1829,45.92,19.89,8.78,6.83,4.9,6.73,2.53,1.16,0.89,0.69,0.85,0.36,0.23
529,1830,42.09,21.96,8.01,8.23,5.45,6.48,2.77,1.05,1,0.62,1.69,0.33,0.09
530,1834,46.64,18.6,8.84,7.13,4.62,5.64,2.88,1.04,0.89,0.96,2.01,0.27,0.23
531,1836,45.34,20.92,8.64,6.65,3.93,5.47,2.63,1.04,1.14,1.09,2.31,0.3,0.26
532,1836,47.27,20,9.18,6.42,4.01,5.48,2.44,1.03,1.21,1.02,1.1,0.29,0.26
533,1838,47.89,19.55,8.88,6.2,4.57,5.79,2.3,1.09,0.89,1.01,0.92,0.34,0.25
534,1838,46.38,18.27,9,7.44,5.09,6.28,2.53,1.09,0.83,0.93,1.15,0.32,0.37
535,1845,44.9,19.96,8.85,6.38,4.59,6.83,2.72,1.06,0.96,0.87,1.88,0.33,0.34
536,1853,49.79,20.59,9.3,4.57,3.26,5.46,2.42,1.07,0.89,1.06,0.73,0.3,0.3
537,1863,45.87,22.41,9,5.45,3.89,6.15,2.4,0.95,1.03,0.88,1.04,0.33,0.21
538,1863,48.36,19.32,9,6.6,4.33,5.39,2.38,1.06,0.85,1.04,0.82,0.3,0.3
539,1865,44.35,18.31,9.15,7.76,6.92,6.8,2.6,1,0.86,0.75,0.64,0.36,0.3
540,1865,44.47,18.27,8.68,9.21,6.06,6.01,2.38,0.97,0.9,0.94,1.05,0.32,0.27
541,1865,43.5,18.56,8.74,9.6,6.86,6.17,2.34,0.93,0.81,0.87,0.78,0.31,0.2
542,1865,46.59,20.42,9.13,5.72,4.02,6.79,2.55,1.1,1,0.89,0.94,0.32,0.26
543,1868,44.63,19.54,8.7,7.39,5.75,6.65,2.54,1.06,0.94,0.91,0.87,0.33,0.39
544,1870,41.81,24.37,7.83,5.66,4.66,6.34,2.56,0.92,1.34,0.85,2.72,0.3,0.37
545,1870,45,17.18,8.49,9.21,6.09,5.68,2.82,1,0.8,0.94,1.84,0.3,0.38
546,1875,46.16,20.27,9.15,5.68,4.28,5.79,2.7,1.15,0.73,1.16,2.04,0.32,0.31
547,1875,46.04,19.87,8.75,7.89,4.71,5.54,2.38,1.05,0.94,1.02,0.84,0.3,0.41
548,1879,49.47,17.21,9.41,6.67,4.22,5.25,2.59,1,0.85,1.04,1.56,0.28,0.26
549,1879,49.33,17.94,9.29,6.18,3.28,5.56,2.87,1,0.85,1.15,1.76,0.28,0.26
550,1885,50.05,17.48,9.36,6.23,3.73,5.61,2.49,1.01,0.84,1.09,1.23,0.29,0.32
551,1885,50.37,16.57,9.98,5.85,3.59,5.58,2.74,0.98,0.9,1,1.69,0.28,0.24
552,1889,44.95,16.24,8.92,10.72,6.5,5.15,2.48,0.92,0.98,0.94,1.4,0.25,0.15
553,1892,52.28,15.52,10.21,5.75,3.47,5.35,2.72,1,0.72,1.17,1.23,0.29,0.09
554,1893,50.01,16.85,9.93,5.74,3.7,5.53,2.86,1.04,0.81,1.17,1.72,0.3,0.1
555,1895,47.82,20.52,8.94,5.62,2.99,5.75,2.47,1.03,0.83,1.17,1.88,0.29,0.38
556,1897,48.64,17.04,9.59,6.86,4.47,5.57,2.58,1.07,0.73,1.04,1.67,0.3,0.19
557,1897,51.52,16.79,10.13,5.3,3.33,5.19,2.78,1.04,0.77,0.95,1.49,0.29,0.16
558,1897,43.11,20.33,9.39,3.85,7.38,9.36,2.59,1.01,0.81,0.44,0.58,0.56,0.45
559,1902,44.75,19.76,9.47,3.29,7.29,9.16,2.42,0.88,0.81,0.49,0.5,0.57,0.41
560,1902,43.72,19.88,9.63,3.5,7.45,9.44,2.62,0.93,0.79,0.45,0.54,0.5,0.43
561,1904,49.4,16.78,9.73,7.16,4.4,5.42,2.84,0.91,0.78,0.79,1.17,0.29,0.1
562,1904,52.54,15.91,10.11,5.66,3.6,5.11,2.62,0.94,0.77,0.8,1.24,0.32,0.09
563,1906,48.85,15.98,9.52,8.44,4.38,5.23,2.67,1.02,0.61,1.08,1.5,0.32,0.14
564,1907,49.26,15.51,9.55,7.9,4.65,5.37,2.63,1,0.7,1.02,1.71,0.28,0.15
565,1911,48.93,16.8,9.46,7.61,4.76,5.46,2.63,0.89,0.8,0.98,0.99,0.28,0.11
566,1921,51.32,16.43,10.19,4.38,3.54,6.63,2.74,0.99,1.16,0.8,1.2,0.3,0.13
567,1921,51.52,17.64,9.68,4.74,2.94,5.92,2.68,0.86,1.05,1,1.22,0.32,0.13
568,1921,47.67,22.22,9.47,3.49,3.84,6.7,2.55,0.89,1.01,0.6,0.95,0.28,0.14
569,1921,51.09,18.44,9.67,4.85,2.63,6.26,2.6,0.79,0.96,0.86,1.25,0.28,0.08
570,1921,53.36,15.87,9.88,4.39,2.65,6.17,2.57,0.85,1.24,0.9,1.26,0.35,0.1
571,1922,50.44,15.9,9.87,6.81,4.39,5.45,2.68,0.9,0.73,0.83,1.29,0.31,0.11
572,1925,48,16.52,9.41,7.6,5.36,6.07,2.51,0.96,0.82,0.86,1.12,0.3,0.17
573,1927,50.47,15.71,9.86,6.47,3.8,6.44,2.54,1,0.75,1,1.17,0.28,0.2
574,1929,54.26,16.43,10.64,3.12,3.03,5.41,2.8,1.01,0.65,1.07,0.85,0.32,0.16
575,1931,51.72,14.25,9.92,7.91,4.54,4.03,2.58,1,0.89,0.94,1.57,0.3,0.11
576,1932,52.34,10.17,10.48,7.22,4.21,6.57,3.26,1.09,1.07,0.97,1.68,0.36,0.21
577,1934,47.64,19.59,9.35,6.89,3.9,5.41,2.61,0.91,0.7,0.85,1.52,0.25,0.07
578,1934,50.78,14.12,9.65,9.02,4.98,4.06,2.46,0.96,0.74,0.95,1.62,0.31,0.1
579,1937,43.22,12.62,8.34,16.31,9.04,3.98,2.23,0.81,0.79,0.71,1.38,0.29,0.08
580,1937,35.73,11.43,6.97,23.27,12.91,4.09,2,0.65,0.73,0.53,1.06,0.2,0.1
581,1937,35.4,11.02,7.43,22.61,13.09,4.27,2.18,0.8,0.89,0.59,1.17,0.3,0.08
582,1937,37.03,12.2,7.16,21.08,12.3,4.39,2.07,0.79,0.72,0.56,1.08,0.28,0.13
583,1938,47.65,16.9,9.2,8.13,4.47,6.08,2.67,0.92,0.99,0.86,1.42,0.27,0.1
584,1940,48.34,17.88,9.67,5.37,4.22,7.17,2.44,1,0.93,0.69,1.17,0.35,0.33
585,1940,48.88,17.03,9.45,6.04,4.29,7.1,2.44,1,0.9,0.74,1.15,0.33,0.35
586,1940,50.55,15.76,10.25,5.26,4.22,6.16,2.56,1.16,0.81,1.02,1.44,0.35,0.12
587,1943,49.11,17.3,9.38,6.48,4.37,6.49,2.41,0.95,0.62,0.75,1.29,0.29,0.27
588,1945,50.46,17.17,9.9,5.88,4.4,4.91,2.49,1.06,0.84,0.83,1.33,0.34,0.11
589,1947,49.51,18.23,9.62,5.28,3.99,5.98,2.62,1.1,0.72,0.72,1.55,0.33,0.1
590,1947,48.72,19.16,9.62,5.54,3.55,5.81,2.56,1.1,0.8,0.79,1.67,0.33,0.09
591,1950,48.61,9.13,8.92,15.44,7.74,3.81,2.04,1,1.02,0.58,0.9,0.36,0.11
592,1954,48.26,17.81,9.23,6.95,4.41,5.73,2.62,1,0.73,0.98,1.59,0.31,0.1
593,1954,48.74,17.92,9.27,6.4,4.29,5.55,2.65,1.06,0.73,0.99,1.71,0.3,0.12
594,1959,47.59,18.51,9.44,6.8,4.24,5.59,2.5,1.15,0.75,1.05,1.71,0.3,0.12
595,1963,46.99,15.73,9.15,9.94,5.67,4.87,2.71,0.84,1.04,0.94,1.4,0.28,0.12
596,1963,50.2,15.03,9.52,7.99,4.96,4.63,2.72,0.93,0.76,1,1.54,0.3,0.12
597,1966,49.34,16.55,9.64,7.57,4.47,5.24,2.71,0.88,0.77,0.96,1.24,0.26,0.11
598,1966,50.53,14.26,9.66,8.26,4.67,5.26,2.63,0.9,0.73,1,1.33,0.29,0.14
599,1969,47.47,17.37,10.44,3.4,7.14,7.55,2.85,0.93,0.76,0.59,0.57,0.46,0.36
600,1971,45.2,19.65,9.41,3.45,7.21,8.78,2.58,0.93,0.75,0.46,0.53,0.51,0.41
601,1972,52.07,13.88,10.12,6.96,4.53,5.23,2.66,0.95,0.74,0.9,1.23,0.29,0.15
602,1972,47.41,14.36,9.22,9.93,5.74,5.99,2.57,0.87,0.87,0.94,1.28,0.29,0.16
603,1975,34.81,14.7,7,19.7,12.63,5.78,2.11,0.74,0.62,0.41,0.72,0.38,0.22
604,1975,49.66,13.75,9.52,8.35,5.53,5.92,2.62,0.99,0.79,0.95,1.18,0.3,0.14
605,1978,45.06,17.9,8.81,10.03,7.14,4.07,2.71,0.9,0.66,0.91,1.04,0.29,0.13
606,1979,50.02,15.45,9.83,6.16,4.6,6.41,2.74,1.04,0.78,0.94,1.25,0.32,0.18
607,1980,50.3,14.93,9.51,7.83,4.94,5.16,2.66,0.94,0.71,0.91,1.3,0.31,0.14
608,1984,50.59,15.8,9.97,6.62,4.79,4.78,2.9,1,0.57,1.04,1.15,0.31,0.14
609,1988,46.28,16.51,9.08,8.77,4.75,6.33,2.82,0.86,0.86,1.2,1.71,0.27,0.11
610,1988,48.03,17.01,9.45,7.06,4.34,6.1,2.73,0.95,0.83,0.99,1.74,0.29,0.11
611,1991,50.45,17.18,9.54,6.01,4.76,5,2.38,1.14,0.52,0.99,1.09,0.29,0.28
612,1993,50.17,17.11,10.03,5.84,4.3,5.14,2.49,1.08,0.9,1.03,1.16,0.28,0.21
613,1995,48.86,17.15,9.32,7.02,4.65,5.46,2.7,0.99,0.77,1.02,1.24,0.27,0.29
614,1995,48.57,17.02,9.23,7.01,4.53,5.52,2.8,0.96,0.81,1.01,1.72,0.27,0.28
615,2000,48.69,19.05,9.2,5.4,4.02,6.01,2.66,1.01,0.89,1,1.06,0.32,0.33
616,2001,46.32,17.46,8.75,8.82,6.05,5.34,2.53,0.96,0.9,0.96,1.07,0.26,0.32
617,2001,45.64,17.39,8.55,9.54,6.43,5.37,2.42,0.98,0.88,0.91,1.03,0.3,0.31
618,2005,46.99,20.39,8.96,5.66,3.54,6.01,2.82,1.06,0.8,1.03,1.9,0.3,0.25
619,2005,47.57,20.68,8.78,5.55,3.4,4.99,2.85,1.05,0.79,1.1,2.4,0.31,0.25
620,2008,46.25,21.76,9.49,4.67,2.97,5.49,2.8,1.04,1.49,1.06,2.25,0.28,0.2
621,2008,47.31,20.47,8.92,5.83,3.3,5.59,2.69,1,0.99,1.05,2.05,0.3,0.25
622,2013,35.54,30.64,7.09,7.9,3.25,6.08,2.79,0.79,2.13,0.7,2.12,0.27,0.25
623,2013,51.08,18.1,9.8,4.94,3.87,5.05,2.64,1.03,0.87,1.03,0.74,0.3,0.27
624,2014,45.18,17.12,8.97,8.49,7.18,6.26,2.52,1,0.96,0.73,0.7,0.36,0.31
625,2015,46.61,16.26,14.09,2.11,10.79,4.93,2.91,0.86,0.5,0.1,0.34,0.05,0.38
626,2015,51.79,10.98,15.9,2.23,5.86,2.97,6.31,0.6,0.6,1.89,0.55,0.03,0.19
627,2018,43.74,13.94,11.56,8.36,8.22,5.65,3.73,0.86,1.27,0.71,1.36,0.08,0.29
628,2018,49.03,11.04,13.22,6.3,7.41,4.77,4.02,0.74,1.25,0.74,1.08,0.06,0.24
629,2018,44.95,12.5,14.42,7.91,7.27,4.3,4.26,0.4,1.29,1.21,1.14,0.04,0.22
630,2018,66.41,3.27,7.76,7.65,5.29,3.23,2.88,0.46,0.9,0.96,0.87,0.11,0.14
631,2018,61.08,3.96,8.28,9.8,6.27,3.03,3.14,0.52,1.17,1.23,1.01,0.04,0.15
632,2018,61.77,3.36,9.18,9.72,6.27,2.43,3.32,0.39,0.78,1.6,0.87,0.05,0.13
633,2019,65.62,6.58,10.05,3.35,2.5,2.44,4.03,1.24,1.07,1.75,0.91,0.1,0.08
634,2019,43.62,18.74,9.09,5.46,5.88,10.12,2.49,0.84,0.84,0.43,1.5,0.41,0.43
635,2019,43.98,20.14,9.59,3.29,6.37,7.1,3.07,0.91,1.07,2.4,0.97,0.34,0.48
636,2022,48.39,10.92,15.16,4.26,7.27,4.38,4.54,1.33,1.55,0.63,0.95,0.13,0.17
637,2022,46.97,15.7,11.7,5.65,5.92,6.16,3.67,0.72,0.95,0.53,1.63,0.11,0.2
638,2022,49.09,12.75,14.06,4.95,6.09,4.86,4.23,0.58,0.77,0.73,1.54,0.08,0.16
639,2022,45.73,15.98,11.99,5.6,6.25,6.45,3.8,0.86,0.93,0.46,1.48,0.11,0.25
640,2022,46.35,17.82,11.38,4.82,5.58,6.78,3.45,0.59,0.7,0.59,1.25,0.16,0.33
641,2022,49.71,11.36,14.44,2.51,6.72,3.89,5.75,0.72,1.28,2.35,0.89,0.04,0.24
642,2025,43.44,21.58,8.29,2.57,6.84,11.49,2.37,0.9,0.7,0.33,0.41,0.51,0.43
643,2026,43.9,20.45,8.86,3.08,7.24,10.13,2.49,1.05,0.76,0.38,0.48,0.64,0.43
644,2029,47.19,19.72,9.07,6.65,3.33,4.99,2.98,1.07,0.8,0.96,2.45,0.32,0.2
645,2032,46.95,19.19,9.56,6.46,3.55,6.02,2.73,1.08,0.77,1.01,1.86,0.31,0.23
646,2038,46.81,21.9,9.09,5.48,3.15,5.38,2.76,1.05,1.11,0.82,1.7,0.32,0.1
647,2042,45.13,20,8.62,7.9,4.83,4.74,2.74,1.04,0.91,0.82,2.5,0.31,0.12
648,2042,43.64,21.28,8.58,7.99,4.65,4.7,2.64,1.01,1.25,0.81,2.68,0.32,0.12
649,2048,21.69,16.58,4.17,29.86,17.93,3.3,1.86,0.5,1.58,0.27,1.71,0.17,0.17
650,2048,35.45,19.01,6.27,18.46,10.47,3.87,1.74,0.84,1.65,0.64,0.89,0.25,0.17
651,2049,46.11,23.79,8.58,5.34,3.89,5.42,2.36,1.06,1.16,0.78,0.75,0.31,0.15
652,2050,50.22,22.42,8.89,3.84,3.07,4.4,2.21,1.15,1.13,1.12,0.67,0.33,0.18
653,2055,47.57,22.42,8.41,5.8,4.23,6.02,1.27,1.23,0.36,0.94,0.96,0.25,0.21
654,2055,52,23.65,9.11,2.22,2.47,3.43,2.26,1.14,1.06,1.11,0.61,0.34,0.19
655,2080,41.87,22.33,7.8,10.25,7.72,2.76,2.3,1.06,1.11,0.96,0.93,0.34,0.26
656,2080,42.9,22.12,7.81,9.86,7.52,2.66,2.24,1.05,1.11,0.94,0.89,0.32,0.21
657,2082,44.97,21.7,8.49,8.15,6.45,3.59,1.99,1.15,1.07,1,0.56,0.34,0.23
658,2090,43.81,23.44,8.11,5.54,4.53,7.2,2.57,1.12,0.94,0.72,0.89,0.4,0.22
659,2090,41.05,21.49,7.22,12.65,7.05,3.8,2.1,1.01,0.83,0.89,1.05,0.3,0.19
660,2100,47.05,20.56,8.87,6.38,4.05,5.05,2.52,1.07,0.75,1.07,1.67,0.32,0.29
661,2101,44.12,20.73,8.55,7.83,4.86,6.19,2.48,1.04,0.83,0.91,1.54,0.34,0.28
662,2101,42.25,20.21,8.33,8.57,5.65,6.73,2.68,1.04,0.84,0.85,1.83,0.33,0.32
663,2104,46.08,20.49,8.77,6.13,3.92,6.5,2.52,1.05,0.95,0.86,1.65,0.34,0.35
664,2107,43.03,17.91,8.3,9.44,6.23,5.89,2.84,0.91,1.07,1,2.19,0.28,0.42
665,2108,43.69,24.31,8.57,5.07,3.09,5.63,2.72,0.98,2.46,0.7,2,0.28,0.19
666,2109,43.97,20.88,8.28,8.24,4.86,5,2.79,1,0.75,0.97,2.34,0.32,0.25
667,2113,46.58,22.06,8.88,5.78,4.2,4.76,2.56,1.07,0.72,1.06,1.33,0.32,0.27
668,2113,47.49,21.72,9.01,6.07,4.45,4.32,2.44,1.13,0.67,1.09,0.69,0.34,0.27
669,2117,47.65,19.23,8.89,6.62,4.36,5.44,2.64,1.04,0.89,1.03,1.38,0.3,0.25
670,2121,47.92,19.18,9.02,6.2,4.57,5.79,2.52,0.99,0.92,0.98,0.94,0.29,0.34
671,2122,45.85,17.94,8.65,8.87,6.28,5.33,2.46,0.97,0.92,0.93,0.99,0.28,0.31
672,2124,47.9,21.92,9.02,4.82,4.92,4.43,2.56,1.15,0.75,1.05,0.43,0.35,0.37
673,2124,48.76,21.48,9.26,4.07,4.67,4.67,2.62,1.09,0.81,1.06,0.49,0.34,0.36
674,2127,50.03,18.04,9.46,5.13,3.34,5.23,2.88,1.02,0.82,1.06,2.15,0.31,0.23
675,2127,44.76,18.41,8.46,8.93,4.88,6.57,2.42,0.97,0.94,0.87,1.9,0.28,0.33
676,2131,50.14,21.46,9.62,2.4,2.74,6.2,2.7,0.99,1.38,0.88,0.69,0.31,0.2
677,2131,48.71,17.74,9.32,7.01,5.28,4.98,2.53,0.97,0.92,0.94,0.81,0.31,0.23
678,2131,53.98,16.43,10.39,3.02,3.33,5.73,2.71,1,0.89,1.02,0.66,0.3,0.25
679,2134,47.88,18.46,8.89,7.76,5.27,5.02,2.42,1.02,0.81,0.93,0.8,0.32,0.09
680,2134,46.39,17.51,8.86,8.86,6.27,5.29,2.53,1,0.83,0.87,0.88,0.32,0.11
681,2154,44.28,20.54,8.69,8.31,6.63,4.49,2.44,1.08,0.86,0.93,0.95,0.3,0.18
682,2154,44.08,21.53,8.75,7.59,6.44,4.72,2.45,1.03,0.84,0.91,0.89,0.34,0.17
683,2155,45.95,23.15,8.49,5.49,5.36,4.79,2.44,1.01,0.97,0.87,0.68,0.38,0.2
684,2160,47.48,19.66,9.01,6.54,3.94,5.81,2.61,1,0.94,0.91,1.28,0.33,0.21
685,2165,48.3,15.37,9.08,8.8,4.4,6.23,2.59,1,0.63,1.09,1.69,0.29,0.23
686,2165,48.63,16.04,9.39,7.87,3.84,6.63,2.68,0.99,0.77,1.07,1.35,0.27,0.22
687,2165,51.46,17.28,10.13,4.99,4.02,5.26,2.68,0.97,0.68,1.05,0.78,0.29,0.17
688,2168,46.67,13.78,9.12,11.02,6.43,5.68,2.57,0.95,0.85,0.95,1.16,0.31,0.21
689,2168,47.12,15.44,9.44,8.78,5.98,6.14,2.61,0.97,0.81,0.91,0.96,0.34,0.22
690,2217,32.24,18.78,6.58,20.42,11.21,4.76,2.26,0.66,0.7,0.58,1.23,0.2,0.14
691,2217,48.42,14.41,9.53,9.17,5.92,5.65,2.55,0.94,0.72,1.04,0.87,0.3,0.22
692,2220,50.2,13.39,9.83,8.57,5.47,5.49,2.39,0.84,0.68,1.04,0.94,0.33,0.23
693,2220,49.79,13.7,9.7,9.35,5.11,5.23,2.5,0.94,0.72,1.05,1.04,0.29,0.23
694,2223,53.25,16.2,10.59,3.3,3.44,5.74,2.75,0.75,0.67,1,0.99,0.3,0.2
695,2223,48.87,15.86,9.28,9.56,5.53,4.33,2.4,0.88,0.79,0.8,1,0.28,0.13
696,2223,53.54,16.13,10.3,4.18,3.54,5.03,2.68,0.96,0.88,0.95,1.07,0.33,0.16
697,2245,50.59,18.6,9.45,5.61,4.83,4.2,2.58,0.94,0.73,0.85,0.93,0.3,0.14
698,2245,51.58,17.31,9.64,5.63,4.84,4.29,2.57,0.88,0.79,0.89,0.92,0.28,0.15
699,2247,52.38,16.97,10.02,4.86,4.19,4.58,2.68,0.96,0.78,0.92,0.99,0.29,0.14
700,2254,50.32,17.43,9.62,6.31,4.49,4.85,2.45,0.97,0.76,1.06,1.1,0.28,0.1
701,2255,47.29,17.76,9.33,7.79,4.71,5.56,2.62,0.93,0.89,0.98,1.45,0.29,0.1
702,2258,46.44,17.07,8.79,10.7,4.97,4.83,2.54,0.99,0.86,0.68,1.54,0.28,0.07
703,2258,42.84,15.81,8.6,11.93,6.89,6.4,2.67,0.98,0.95,0.55,1.74,0.3,0.12
704,2288,37.65,20.28,7.54,14.96,8.19,3.92,2.07,0.99,0.87,0.64,2.06,0.33,0.1
705,2289,42.25,20.19,8.37,9.37,6.61,6.14,2.36,0.98,0.86,0.58,1.34,0.4,0.22
706,2291,37.37,20,7.33,15.28,8.64,3.97,2.13,1,0.87,0.62,2.1,0.31,0.08
707,2292,35.43,19.77,7.21,16.85,9.16,4.14,2.03,0.94,0.94,0.57,2.28,0.3,0.1
708,2295,40.69,15.92,8.01,14.9,7.6,5.5,2.54,0.94,0.98,0.51,1.8,0.28,0.09
709,2299,51.13,19.84,9.84,4.35,3.34,4.34,2.63,1.24,0.76,0.83,1.05,0.37,0.06
710,2300,48.66,19.88,9.34,5.76,3.24,5.32,2.55,1.16,0.82,0.98,1.59,0.3,0.06
711,2301,46.76,19.2,9.47,7.24,4.43,5.3,2.39,1.12,0.86,1.01,1.46,0.32,0.09
712,2301,48.34,19.98,9.73,5.41,3.55,4.57,2.53,1.16,0.75,1.14,1.99,0.34,0.09
713,2304,47.83,21.42,9.27,5.37,3.61,4.91,2.46,1.15,0.77,1.33,1.13,0.33,0.11
714,2308,48.27,22.01,9.52,3.48,3.9,5.76,2.63,1.06,0.64,1.09,0.77,0.37,0.15
715,2308,47.37,21.5,9.36,3.62,4.55,6.68,2.61,1.1,0.72,0.87,0.75,0.42,0.23
716,2308,47.04,21.1,9.52,3.46,4.98,6.98,2.67,1.09,0.73,0.86,0.68,0.47,0.24
717,2311,45.75,21.87,8.77,4.75,4.51,7.02,2.71,0.94,0.64,0.87,1.1,0.44,0.22
718,2313,43.53,20.88,8.92,3.52,7.05,9.56,2.42,1.2,0.72,0.39,0.52,0.73,0.45
719,2315,50.3,20.38,9.5,3.87,3.16,5.14,2.68,1.13,0.65,1.29,1.17,0.33,0.11
720,2315,48.04,20.03,9.3,5.04,4.02,5.83,2.6,1.12,0.72,1.16,1.37,0.36,0.12
721,2315,48.27,20.03,9.32,4.98,3.96,5.66,2.57,1.13,0.72,1.19,1.39,0.35,0.12
722,2318,43.94,18.34,8.78,8.5,5.94,6.7,2.5,1.08,0.75,0.7,1.82,0.33,0.22
723,2318,45.01,17.94,9.03,7.29,5.38,6.83,2.73,1.13,0.76,0.81,2.12,0.34,0.22
724,2320,46.18,17.57,9.21,6.77,5.39,6.53,2.68,1.21,0.72,0.75,1.95,0.32,0.24
725,2333,41.36,17.28,8.51,11.47,6.64,6.99,2.51,0.95,0.89,0.63,1.8,0.26,0.29
726,2333,40.43,15.93,8.09,13.21,8.33,6.37,2.49,0.92,0.82,0.58,1.8,0.25,0.3
727,2347,48.66,19.86,9.07,3.99,3.81,6.92,2.46,1.16,0.71,0.82,1.47,0.39,0.2
728,2349,44.3,20.73,8.82,3.72,6.78,9.21,2.54,1.02,0.59,0.49,0.63,0.58,0.41
729,2349,44.94,21.59,8.62,4.61,5.41,7.64,2.44,1.23,0.79,0.7,0.95,0.53,0.3
730,2349,46.82,21.56,8.94,3.93,4.38,6.86,2.56,1.12,0.75,0.91,1.18,0.45,0.22
731,2349,44.33,16.59,8.21,10.26,6.88,6.39,2.27,1.08,0.74,0.73,1.52,0.32,0.21
732,2352,49.89,19.93,9.16,3.57,3.16,6.02,2.61,0.91,0.66,1.09,1.82,0.33,0.12
733,2356,46.86,21.68,9.14,4.11,4.04,6.99,2.45,0.9,0.81,0.86,1.05,0.45,0.2
734,2356,46.74,21.54,8.76,4.03,4.41,6.99,2.7,1.14,0.78,0.91,1.08,0.37,0.26
735,2356,46.19,21.84,8.74,4.08,4.61,7.23,2.58,0.98,0.85,0.81,0.99,0.41,0.24
736,2356,48.49,20.3,8.7,5.41,3.9,5.39,2.52,1.12,0.77,1.08,1.45,0.33,0.11
737,2356,48.49,20.3,8.7,5.41,3.9,5.39,2.52,1.12,0.77,1.08,1.45,0.33,0.11
738,2359,47.26,19.45,9.03,5.4,4.06,7.21,2.36,0.97,0.85,0.77,1.55,0.3,0.21
739,2361,49.07,22.04,8.87,4.48,2.8,5.39,2.5,1.14,0.75,1.12,0.97,0.33,0.19
740,2363,49.53,22.37,9.05,3.59,2.79,5.23,2.48,1.12,0.74,1.07,1.11,0.33,0.24
741,2363,51.21,21.96,9.54,2.97,2.38,4.5,2.63,1.15,0.7,1.12,1.01,0.33,0.19
742,2365,49.07,19.56,8.95,4.71,3.17,6.67,2.3,1.14,0.78,0.84,1.66,0.28,0.25
743,2367,47.54,19.51,9.27,4.58,3.57,7.18,2.51,1.03,0.92,0.7,1.8,0.3,0.34
744,2367,47.42,19.79,9.07,4.99,3.65,7.26,2.18,1.16,0.81,0.73,1.63,0.34,0.32
745,2367,48.44,19.49,9.44,4.16,3.21,7.03,2.46,1.12,0.82,0.75,1.88,0.3,0.33
746,2377,47.25,18.95,8.7,5.38,3.88,7.53,2.3,1.07,1.03,0.66,1.7,0.36,0.44
747,2377,44.29,21.01,9.21,3.73,6.07,8.8,2.57,0.97,0.77,0.61,0.82,0.45,0.33
748,2377,42.36,20.69,9,5.58,7.25,8.65,2.49,0.99,0.78,0.48,0.64,0.45,0.41
749,2379,41.55,20.59,8.24,9.89,7.03,5.84,2.21,1.08,0.81,0.6,0.95,0.38,0.36
750,2380,42.28,20.74,7.79,9.17,6.56,6.74,2.24,1.18,0.75,0.6,0.55,0.36,0.38
751,2380,42.46,21.38,8.34,8,6.07,6.89,2.24,1.2,0.77,0.63,0.55,0.35,0.42
752,2382,47.09,19.69,8.63,5.43,3.84,7.49,2.32,1.16,0.85,0.7,1.4,0.36,0.4
753,2382,46.83,19.59,8.51,5.68,4.17,7.35,2.3,1.18,0.86,0.7,1.46,0.35,0.38
754,2402,38.56,19.86,7.34,12.96,9.23,5.66,1.78,1.1,0.97,0.62,0.32,0.36,0.61
755,2402,38.41,20.09,7.19,12.92,9.41,5.62,1.78,1.15,0.94,0.6,0.32,0.38,0.58
756,2404,37.04,19.41,6.26,16.19,9.98,5.6,1.35,1.12,0.64,0.59,0.46,0.28,0.43
757,2404,39.59,20.32,6.91,12.81,8.12,5.97,1.5,1.16,0.81,0.64,0.63,0.34,0.48
758,2408,47.87,21.85,8.51,4.52,3.12,5.84,2.36,1.19,0.76,1.04,1.62,0.35,0.35
759,2409,42.58,21.35,8.72,2.93,7.02,11.39,2.52,0.86,0.74,0.42,0.48,0.4,0.41
760,2409,44.59,20.13,9.06,3.12,7.25,9.76,2.53,0.9,0.75,0.4,0.48,0.48,0.42
761,2410,43.67,21.13,8.57,2.87,6.92,10.9,2.45,0.85,0.7,0.35,0.44,0.5,0.45
762,2410,44.25,18.16,10.03,5.27,7.37,8.23,2.79,0.88,0.94,0.56,0.68,0.31,0.35
763,2413,51.46,18.13,8.97,4.37,3.42,5.76,2.36,1.17,0.66,1.14,1.61,0.36,0.13
764,2414,47.6,20.7,8.87,4.49,3.68,7.04,2.33,1,0.83,0.95,1.55,0.35,0.18
765,2415,47.22,22.13,8.3,4.35,3.46,6.7,2.37,1.1,0.83,0.94,1.45,0.4,0.22
766,2415,47.34,22.15,8.49,4.27,3.3,6.56,2.37,1.13,0.99,0.91,1.3,0.35,0.24
767,2419,49.34,21.37,9.64,3.92,2.99,5.52,2.65,1.1,0.69,1.06,0.9,0.35,0.17
768,2419,49.5,22.38,9.65,3.77,2.67,5.05,2.49,1.13,0.57,1.03,0.87,0.28,0.18
769,2419,49.66,22.76,8.99,3.67,2.59,4.82,2.46,1.15,0.83,1.1,1.04,0.33,0.29
770,2422,49.98,21.59,8.66,4.08,2.81,5.91,2.24,1.09,0.66,1.07,1.13,0.32,0.07
771,2424,38.86,16.92,7.6,13.84,9.64,6.82,2.34,0.9,0.76,0.6,1.02,0.27,0.2
772,2424,45.02,21.72,8.66,5.32,4.85,7.23,2.56,1.06,0.85,0.8,1,0.38,0.26
773,2424,45.39,20.36,8.6,5.24,5.12,7.9,2.42,1.07,0.92,0.65,1.17,0.42,0.37
774,2427,46.99,20.5,8.7,4.75,4.43,7.26,2.46,1.06,0.74,0.77,1.38,0.37,0.23
775,2427,46.05,20.29,8.72,5.4,4.43,7.31,2.37,1.17,0.92,0.71,1.35,0.36,0.47
776,2431,53.1,17.79,10.17,3.27,2.74,5.22,2.58,1.17,0.75,1.34,0.87,0.34,0.34
777,2431,46.88,26.24,8.62,3.2,2.46,4.92,2.53,1.1,1.08,1.06,1.05,0.31,0.21
778,2434,51.38,21.42,9.67,2.86,2.52,4.56,2.72,1.09,0.65,1.25,1.07,0.32,0.15
779,2437,46.2,21.66,9.09,3.75,4.86,7.36,2.57,1.11,0.86,0.84,0.75,0.46,0.23
780,2437,42.8,21.8,9.14,3.83,6.56,8.97,2.57,1.15,0.8,0.54,0.61,0.69,0.4
781,2437,48.53,22.52,9.07,4.15,3.04,5.51,2.59,1.13,0.73,1.01,0.91,0.36,0.14
782,2441,48.83,22.66,9.39,3.68,2.8,5.01,2.61,1.14,0.67,1.36,1.12,0.34,0.1
783,2442,42.99,20.11,8.5,7.38,5.83,7.82,2.32,1.13,1.01,0.54,1.16,0.31,0.38
784,2443,42.92,20.45,8.86,6.7,5.37,8.06,2.39,1.15,0.97,0.65,1.27,0.34,0.27
785,2443,42.73,18.55,8.3,9.77,6.51,7.14,2.26,1.05,0.97,0.58,1.09,0.28,0.28
786,2446,43.65,19.17,8.57,8.19,5.96,6.98,2.34,1.1,0.75,0.71,1.41,0.32,0.27
787,2449,50.77,22.48,9.25,3.22,2.51,4.49,2.41,1.14,0.69,1.24,1.05,0.3,0.08
788,2450,43.31,20.69,8.5,7.25,5.64,6.2,2.13,1.08,1.19,0.68,0.96,0.31,1.25
789,2450,38.44,19.96,7.97,11.27,7.81,6.22,2.3,1.11,1.31,0.64,1.43,0.34,0.7
790,2452,47.38,19.87,9.14,5.25,4.57,6.12,2.32,1.18,1,0.86,1.18,0.36,0.29
791,2454,48.63,20.63,8.5,4.77,3.24,6.67,2.23,1.03,0.69,1.07,1.49,0.35,0.12
792,2458,45.54,19.5,8.76,6.28,4.62,7.55,2.48,1.04,0.74,0.81,1.5,0.33,0.2
793,2458,46.53,19.97,8.41,6.26,4.57,6.62,2.26,1.18,0.81,0.94,1.34,0.35,0.22
794,2461,46.57,19.72,9.09,4.83,4.2,7.77,2.46,1.13,0.95,0.76,1.38,0.37,0.25
795,2461,45.43,19.87,8.8,6.55,4.7,6.97,2.35,1.02,0.97,0.78,1.43,0.31,0.3
796,2463,47.38,19.59,9.29,4.63,4.07,7.22,2.43,1.06,0.7,0.85,1.68,0.37,0.16
797,2465,46.54,20.49,9.09,4.3,3.38,6.83,2.59,1.14,1.35,1.12,1.92,0.35,0.42
798,2465,46.39,19.61,8.78,5.44,4.36,7.56,2.48,1.12,0.84,0.82,1.6,0.34,0.22
799,2468,48.61,22.61,9.5,3.78,2.93,5.27,2.53,1.08,0.74,1.23,1.02,0.33,0.06
800,2470,48.41,18.84,9.25,5.64,4.41,5.69,2.3,1.16,0.74,1.11,1.64,0.35,0.13
801,2470,47.39,18.8,8.64,6.56,4.61,6.16,2.35,1.17,1.05,1.04,1.31,0.36,0.17
802,2472,47.03,21.79,8.24,5.02,3.7,6.19,2.22,1.17,0.82,1.15,1.71,0.34,0.15
803,2472,48.72,18.75,9.14,5.13,3.92,5.86,2.51,1.18,0.93,1.1,1.82,0.37,0.15
804,2474,46.93,22.48,8.82,4.59,3.34,5.81,2.54,1.14,0.81,1.17,1.53,0.33,0.09
805,2474,44.14,19.91,8.55,8.67,5.83,5.13,2.53,1.08,0.88,1.09,1.47,0.33,0.11
806,2477,44.61,20.42,8.6,5.82,5.15,7.76,2.49,0.96,0.9,0.75,1.22,0.42,0.33
807,2478,45.14,21.88,8.49,5.8,4.21,7,2.35,1.14,0.72,1.01,1.37,0.33,0.17
808,2478,45.36,21.91,8.56,5.55,3.99,6.85,2.44,1.12,0.81,1.06,1.43,0.34,0.17
809,2482,47.88,19.71,8.75,5.47,4.12,6.12,2.35,1.15,0.78,1.19,1.47,0.36,0.19
810,2482,49.19,20.37,9.07,4.25,3.49,5.69,2.31,1.16,0.79,1.29,1.45,0.35,0.17
811,2482,49.19,20.37,9.07,4.25,3.49,5.69,2.31,1.16,0.79,1.29,1.45,0.35,0.17
812,2483,45.51,19.93,8.3,7.3,5.09,6.32,2.28,1.1,0.81,1.07,1.29,0.34,0.18
813,2523,44.45,22.05,9.02,5.44,4.73,6.93,2.55,1.16,0.8,0.95,0.98,0.41,0.24
814,2523,43.87,23.46,8.41,6.37,5.03,5.74,2.18,1.21,0.81,1.07,0.78,0.39,0.27
815,2524,47.38,23.57,8.59,4.13,3.85,5.41,2.14,1.3,0.77,1.28,0.49,0.4,0.22
816,2525,44,21.85,9,5.08,4.94,7.87,2.53,1.06,0.91,0.82,0.99,0.38,0.27
817,2525,44.13,22.82,8.85,4.82,4.83,7.36,2.56,1.09,0.84,0.81,0.96,0.43,0.23
818,2550,39.66,20.74,7.5,11.6,8.25,5.27,2.05,1.1,0.88,0.99,0.8,0.34,0.38
819,2550,40.34,20.96,7.61,10.67,7.66,5.44,2.03,1.11,0.93,1,1.04,0.37,0.38
820,2552,38.64,20.16,7.3,13.17,9.66,4.63,1.81,1.14,0.69,1.04,0.71,0.36,0.25
821,2553,41.68,22.23,7.68,9.32,6.71,5.44,2.04,1.22,0.84,1.11,0.55,0.39,0.29
822,2557,47.27,22.68,9.09,4.47,3.47,5.97,2.56,1.1,0.75,1.05,0.91,0.33,0.12
823,2558,43.26,20.56,9.34,5.19,6.34,8.39,2.7,1.02,0.85,0.58,0.8,0.47,0.31
824,2558,40.62,22.1,8.67,6.2,6.71,8.78,2.58,1.14,0.86,0.48,0.72,0.56,0.4
825,2563,44.53,21.84,9.07,5.05,4.93,7.42,2.73,1.03,0.82,0.67,0.98,0.42,0.25
826,2564,42.72,20.63,9.1,4.08,7.22,9.73,2.62,0.99,0.77,0.45,0.58,0.53,0.44
827,2564,49.01,22.67,9.23,3.65,2.93,4.78,2.64,1.14,0.76,1.17,1.34,0.32,0.1
828,2567,43.97,19.45,8.67,8.56,5.53,6.42,2.4,1.15,0.88,0.93,1.38,0.31,0.1
829,2567,47.71,20.09,8.71,6.3,4.3,5.11,2.43,1.08,1.13,1.03,1.39,0.31,0.11
830,2570,48,20.64,8.86,4.98,3.59,5.99,2.5,1.06,0.93,1.06,1.6,0.34,0.13
831,2572,44.34,18.2,8.33,8.66,6,7.11,2.46,1.03,0.97,0.79,1.21,0.29,0.14
832,2574,41.51,17.22,8.09,12.15,8.14,5.91,2.47,0.98,0.9,0.75,1.24,0.28,0.16
833,2574,47.96,20.91,8.36,6.17,4.21,4.78,2.31,1.05,0.85,1.05,1.47,0.3,0.19
834,2577,50.55,18.83,9.29,4.5,3.67,5.71,2.51,1.19,0.81,1.06,1.09,0.38,0.14
835,2579,45.65,20.15,8.17,7.61,4.79,6.4,2.4,1.05,0.8,0.95,1.1,0.32,0.17
836,2581,44.08,15.52,8.78,9.72,6.95,7.68,2.55,1.12,1.04,0.66,1.09,0.31,0.22
837,2581,47.26,18.27,8.77,6.54,4.76,7.09,2.32,1.15,0.89,0.78,1.16,0.38,0.2
838,2583,46.37,18.26,8.84,7.98,4.95,6.3,2.4,1.11,0.93,0.85,1.2,0.33,0.21
839,2585,48.06,18.72,9.41,6.69,4.44,5.4,2.25,1.09,0.94,0.92,1.31,0.34,0.12
840,2585,45.29,18.42,8.53,7.32,5.22,7.65,2.52,1.14,0.93,0.72,1.32,0.36,0.22
841,2587,45.24,19.89,8.6,7.53,5.12,6.15,2.52,1.02,1.07,0.83,1.23,0.29,0.14
842,2587,45.81,19.72,8.61,8.32,5.06,5.13,2.44,1.05,1.11,0.92,1.15,0.3,0.13
843,2590,49.57,19.85,9.2,5.15,3.52,5.24,2.56,1,0.88,1.02,1.19,0.31,0.08
844,2591,45.52,19.81,8.63,7.85,5.17,5.48,2.48,1.14,1.11,0.98,1.16,0.32,0.12
845,2591,49.73,20.71,9.34,4.3,3.33,5.16,2.58,1.14,0.78,1.15,1.09,0.33,0.09
846,2591,47.37,20.42,8.53,6.08,4.44,5.6,2.52,1.11,0.97,0.99,1.17,0.32,0.12
847,2594,43.66,21.86,8.63,3.71,6.12,9.37,2.52,0.99,0.75,0.56,0.69,0.5,0.33
848,2594,44.53,22.32,8.94,3.9,4.99,8.22,2.53,1.09,0.8,0.74,0.91,0.45,0.27
849,2594,47.95,22.52,8.96,3.66,3.5,5.87,2.59,1.14,0.85,1.02,1.07,0.41,0.17
850,2597,53.17,18.21,9.64,3.58,2.76,4.34,2.46,1.16,1.25,1.12,1.56,0.34,0.09
851,2601,47.98,19.65,9.15,5.49,3.8,5.98,2.65,1.07,0.96,1.01,1.52,0.32,0.12
852,2601,45.9,17.58,8.5,9.9,5.95,4.95,2.32,1.04,1.06,0.94,1.18,0.3,0.11
853,2604,47.98,19.38,9.1,6.37,4.19,5.73,2.38,1.03,1.03,0.94,1.11,0.26,0.18
854,2606,48.25,17.87,8.99,6.37,4.19,6.45,2.64,1.19,0.81,0.87,1.46,0.38,0.15
855,2608,36.84,22.42,5.08,9.4,4.74,15.63,1.68,0.44,0.83,0.37,1.22,0.68,0.35
856,2608,46.69,17.64,8.47,10.78,5.55,4.23,2.16,1.06,0.76,1.02,0.94,0.3,0.11
857,2611,47.28,17.53,8.89,8.94,5.08,5.09,2.31,1.05,0.81,0.95,1.27,0.33,0.11
858,2613,44.21,20.12,8.93,7.88,5.13,6.76,2.51,1.07,0.81,0.62,1.14,0.33,0.19
859,2616,45.74,17.75,8.64,8.99,5.85,6.17,2.51,0.99,0.8,0.66,1.05,0.28,0.12
860,2631,45.48,16.69,8.67,10.22,6.37,5.95,2.42,0.86,0.86,0.73,0.72,0.27,0.25
861,2631,44.42,19.13,9.16,3.23,7.25,8.74,3.22,0.77,0.9,1.21,0.74,0.63,0.48
862,2640,51.62,16.76,9.83,2.26,5.8,6.3,3.05,0.94,1.15,0.91,0.5,0.28,0.32
863,2641,45.49,18.72,9.09,2.66,7.05,7.44,3.36,1.01,1.13,2.28,0.66,0.32,0.43
864,2642,24.55,40.12,5.2,8.55,3.59,7.53,1.66,0.43,0.69,0.21,1.81,0.08,5.11
865,2642,46.64,17.06,10.2,1.9,6,7.89,4.17,0.92,1.31,2.37,0.58,0.28,0.35
866,2645,48.86,18.61,9.05,6.39,4.12,5.87,2.38,1.01,0.98,0.78,1.3,0.25,0.13
867,2647,49.86,16.93,9.42,6.63,3.94,5.75,2.61,1,0.88,0.84,1.25,0.34,0.1
868,2653,47.36,19.03,9.19,8.34,3.37,5.63,2.18,0.98,1.26,0.82,0.95,0.3,0.18
869,2653,50.02,18.27,8.86,5.86,3.93,4.98,2.68,1.08,0.92,0.88,1.71,0.31,0.14
870,2656,46.9,18.79,9.02,6.62,4.15,6.91,2.62,1.03,0.95,0.79,1.22,0.31,0.15
871,2656,49.18,16.84,8.88,8.95,5.59,4.02,2.19,1.06,0.91,0.94,0.77,0.29,0.11
872,2658,43.75,18.52,8.32,10.11,6.55,6.16,2.28,0.94,0.86,0.68,0.86,0.3,0.2
873,2659,44.84,15.22,9.43,8.56,6.2,8.61,2.9,0.97,0.95,0.7,0.71,0.32,0.33
874,2660,36.15,19.49,8.12,13.49,7.7,8.01,2.58,0.94,0.87,0.37,1.34,0.28,0.27
875,2660,50.33,17.26,9.55,4.26,3.97,7.6,2.79,0.99,0.91,0.89,0.62,0.29,0.28
876,2662,47.27,19.19,9.05,4.18,4.75,7.69,2.96,0.93,1.14,0.89,1.11,0.28,0.24
877,2662,47.5,20.1,8.73,3.71,4.62,7.36,2.94,0.94,1.16,0.93,1.19,0.29,0.24
878,2665,46.66,19.02,8.74,5.3,5.4,7.36,2.7,0.94,0.93,0.8,1.01,0.36,0.25
879,2665,50.21,17.41,9.34,3.02,5.29,6.75,3.26,1,1.07,0.89,0.98,0.29,0.25
880,2665,50.5,18.03,9.53,2.63,5.05,6.16,3.38,1,1.12,0.94,0.88,0.28,0.25
881,2666,42.04,20.69,8.54,5.46,7.27,7.78,2.89,0.92,1,0.74,1.68,0.3,0.33
882,2666,40.6,16.25,7.62,6.67,3.31,17.11,1.86,0.85,0.97,2.14,1.42,0.25,0.25
883,2666,48.42,18.74,9.03,4.12,5.18,6.72,2.93,1,1.25,0.93,0.71,0.3,0.25
884,2684,49.29,18.68,9.27,2.99,6.1,5.39,3.51,1.07,1.04,0.93,0.91,0.28,0.26
885,2684,46.64,19.94,9.29,3.71,5.88,6.29,3.39,1.07,1.09,0.89,0.91,0.31,0.27
886,2686,50.55,19.23,9.46,1.43,5.28,5.58,3.68,1.06,1.12,0.96,0.84,0.31,0.25
887,2690,40.01,19.88,7.95,6.73,5.07,11.36,2.04,1,1.09,1.43,2.18,0.27,0.49
888,2690,26.38,39.65,5.09,4.89,3.6,8.57,1.57,0.58,0.62,0.24,1.97,0.14,6.33
889,2694,39.71,17.52,8.2,14.05,5.92,7.99,2.69,0.87,0.95,0.53,0.84,0.33,0.23
890,2696,42.22,19.75,8.78,6.84,6.65,8.69,2.5,0.98,0.94,0.46,1.09,0.42,0.4
891,2696,41.72,21.05,8.58,5.11,6.37,9.91,2.65,1,0.86,0.39,1.18,0.56,0.46
892,2699,42.36,19.79,9.11,5.48,6.51,8.81,3.18,0.83,0.7,1,0.97,0.51,0.59
893,2699,40.98,20.43,8.57,6.27,6.93,9.05,3.02,0.77,0.75,0.94,0.95,0.58,0.66
894,2699,42.24,19.31,8.63,6.43,6.81,8.84,3.03,0.81,0.77,0.94,1.01,0.51,0.52
895,2701,40.98,20.53,8.82,6.49,6.34,8.71,3.15,0.9,0.76,0.89,1.33,0.46,0.51
896,2701,42.85,20.34,9,4.9,5.75,9.02,3.29,0.83,0.63,0.9,1.37,0.5,0.51
897,2703,41.96,21.48,7.94,4.85,5.8,9.96,2.87,0.82,0.68,0.83,1.6,0.57,0.52
898,2703,42.59,20.84,8.24,4.6,5.9,9.76,3,0.77,0.68,0.86,1.67,0.5,0.48
899,2706,43.44,18.83,9.3,5.47,7.24,9.08,2.55,1.02,0.8,0.52,0.72,0.48,0.4
900,2706,39.18,21.58,8.22,7.18,6.36,9.25,3.08,0.84,0.64,0.84,1.61,0.55,0.56
901,2724,41.7,20.1,9.22,6.37,6.25,8.44,3.05,0.83,0.84,0.81,1.17,0.45,0.52
902,2724,41.85,21.25,9.36,4.79,6.23,8.58,3.29,0.92,0.69,0.96,1.04,0.4,0.49
903,2727,39.54,22.67,8.86,4.58,7.1,9.36,3.45,0.87,0.59,1.09,0.81,0.42,0.54
904,2728,41.54,22.71,9.25,3.18,6.14,9.09,3.55,0.87,0.69,0.99,0.84,0.46,0.53
905,2731,44.23,19.62,9.23,4.31,7.07,9,2.64,0.96,0.81,0.44,0.61,0.53,0.42
906,2733,40.99,19.13,8.92,7.65,6.4,9.65,2.76,0.92,0.89,0.46,1.24,0.42,0.4
907,2733,42.03,20.08,8.77,6.06,6.47,9.28,2.8,0.97,0.92,0.44,1.17,0.42,0.42
908,2733,41.52,19.83,8.97,6.54,6.59,9.43,2.78,0.95,0.93,0.45,1.05,0.39,0.41
909,2744,49.41,19.2,9.11,7.16,3.85,4.86,2.26,1.03,0.94,0.84,0.65,0.29,0.15
910,2744,50.95,19.14,9.51,5.82,3.71,4.31,2.37,1.04,0.99,0.88,0.58,0.29,0.15
911,2749,48.32,15.98,8.73,9.16,5.79,4.76,2.33,1,1.03,0.86,1.27,0.29,0.11
912,2749,53.11,17.28,9.5,4.46,3.47,4.65,2.32,1.12,1.19,0.96,1.15,0.32,0.11
913,2773,47.19,19.73,8.54,7.31,5.95,4.14,2.09,1.19,1.02,0.9,1.09,0.33,0.14
914,2773,48.04,18.27,8.81,6.91,5.3,5.07,2.34,1.11,1.08,0.88,1.35,0.34,0.15
915,2775,46.87,18.82,8.74,7.48,6.11,4.74,2.23,1.08,1.03,0.91,1.12,0.38,0.17
916,2775,47.51,19.02,8.69,6.99,6.22,4.71,2.11,1.1,1.05,0.78,0.91,0.41,0.22
917,2785,42.12,16.75,7.48,14.16,7.69,4.35,2.4,0.98,0.9,0.82,1.65,0.28,0.13
918,2792,48,21.39,8.66,5.21,3.72,5.5,2.45,1.08,0.93,0.99,1.24,0.32,0.16
919,2792,50.37,21.17,8.97,3.94,3.07,4.83,2.4,1.1,1.08,1.08,1.18,0.3,0.13
920,2801,48.96,14.65,9.12,8.98,5.82,5.56,2.32,1.11,0.81,0.71,1.15,0.34,0.16
921,2801,51.04,14.34,9.08,8.89,5.19,4.49,2.25,1.15,0.76,0.79,1.13,0.32,0.17
922,2803,43.21,15.6,8.58,12.4,7.66,5.65,2.48,1.04,0.9,0.76,1.01,0.32,0.13
923,2803,45.08,16.14,8.55,11.3,6.73,5.39,2.38,1.03,0.81,0.85,1.01,0.3,0.13
924,2819,48.45,21.9,9.07,4.8,2.65,5.5,2.64,1.1,0.88,1.09,1.19,0.29,0.14
925,2819,48.73,21.99,9.12,4.73,2.51,5.35,2.66,1.11,0.88,1.09,1.09,0.31,0.12
926,2826,48.45,17.8,9.16,5.28,3.28,7.04,2.3,1.15,0.95,0.98,1.96,0.35,0.79
927,2826,46.98,18.48,9.11,5.7,3.43,7.3,2.38,1.11,1.11,0.89,1.77,0.33,0.85
928,2833,47.14,18.81,9.01,6.06,3.26,7.49,2.41,1.14,0.87,0.88,1.66,0.33,0.5
929,2833,48.07,18.96,8.91,5.39,3.06,7.21,2.38,1.17,0.83,0.94,1.75,0.36,0.51
930,2851,43.71,20.44,8.01,8.59,5.83,6.5,2.15,1.1,0.7,0.86,0.93,0.37,0.39
931,2851,42.85,19.77,8.05,9.6,6.32,6.55,2.16,1.11,0.73,0.88,0.91,0.32,0.37
932,2853,45.14,19.64,8.09,7.9,4.32,7.79,2.12,1.15,0.85,0.85,0.77,0.37,0.57
933,2857,44.46,16.97,8.78,7.2,4.05,7.9,2.4,1.05,2.67,0.74,1.66,0.33,1.4
934,2857,38.79,16.26,8.19,10.93,6.25,7.86,2.52,1.01,3.56,0.57,1.53,0.3,1.91
935,2857,36.19,16.27,7.84,11.52,6.54,7.59,2.62,0.88,5.49,0.55,1.49,0.25,2.44
936,2858,48.28,19.08,8.89,5.31,3.19,6.96,2.4,1.11,0.8,1.03,1.71,0.34,0.49
937,2858,48.18,18.98,9.01,5.4,3.12,7.05,2.44,1.11,0.77,0.99,1.75,0.32,0.48
938,2862,46.39,17.71,8.84,6.2,3.55,8.43,2.45,1.13,1.56,0.88,1.39,0.34,0.74
939,2862,43.49,18.32,8.58,7.41,4.34,8.68,2.13,1.08,2.01,0.73,1.47,0.36,1.03
940,2867,46.18,18.33,8.85,7.08,4.04,7.32,2.39,1.14,0.9,0.84,1.62,0.34,0.5
941,2867,46.01,18.83,8.68,6.79,4.14,7.42,2.38,1.09,0.91,0.82,1.53,0.35,0.53
942,2890,38.53,18.14,7.35,13.3,7.87,7.34,2.04,1.09,1.3,0.7,0.91,0.39,0.67
943,2890,38.96,18.22,7.83,12.06,7.77,7.59,2.21,1.06,1.37,0.69,0.89,0.36,0.66
944,2906,41.73,15.18,8.45,11.5,4.64,8.72,2.48,1.03,2.22,0.67,1.57,0.29,1.2
945,2906,43.56,16.43,8.49,8.76,4.09,8,2.43,1.03,2.64,0.77,1.73,0.3,1.4
946,2908,42.87,16.14,8.5,9.45,4.54,8.24,2.38,1.12,2.49,0.69,1.61,0.33,1.24
947,2908,42.93,16.19,8.64,9.33,5.09,7.71,2.45,1.06,2.38,0.71,1.72,0.29,1.15
948,2920,43.84,20.79,8.64,3.05,7.13,10.59,2.39,0.9,0.69,0.39,0.51,0.51,0.43
949,2920,43.93,21.01,8.59,3,6.92,10.45,2.42,0.94,0.76,0.4,0.49,0.53,0.44
950,2921,37.32,19.66,7.59,11.33,6.15,9.35,2.33,1.1,2.13,0.6,0.5,0.42,1.07
951,2925,46.7,18.88,8.88,5.46,4.57,7.69,2.64,1.04,0.88,0.88,1.33,0.39,0.36
952,2925,48.2,18.34,9.29,5.3,3.88,6.8,2.56,1.09,0.96,1.07,1.36,0.35,0.41
953,2928,44.44,21.31,8.22,7.23,4.24,7.06,2.38,0.99,1,0.83,1.32,0.31,0.23
954,2928,44.96,21.28,8.41,6.79,4.18,6.97,2.46,1.05,0.91,0.84,1.27,0.33,0.22
955,2931,49.63,21.03,9.37,4.82,2.66,5.35,2.55,1.07,0.6,1.15,1.02,0.27,0.24
956,2933,49.45,20.4,9.4,4.66,2.59,5.63,2.72,1.13,0.8,1.21,1.07,0.29,0.22
957,2935,46.32,18.31,9.39,5.73,3.96,8.19,2.58,1.05,1,0.83,1.63,0.31,0.3
958,2935,46.13,17.05,8.98,7.53,4.09,7.79,2.46,1.17,1.03,0.88,1.91,0.36,0.26
959,2938,44.6,19.39,8.39,7.77,3.18,8.44,2.3,1.08,0.93,1,1.81,0.31,0.26
960,2940,47.45,21.43,8.83,5.28,2.61,6.37,2.55,0.98,0.83,1.29,1.17,0.35,0.35
961,2942,45.86,19.22,8.57,6.88,3.63,7.48,2.42,1.06,0.91,1.08,1.72,0.36,0.38
962,2942,44.11,19.23,8.53,8.53,3.68,7.71,2.54,1.05,0.97,1.06,1.67,0.31,0.25
963,2945,47.21,18.16,8.94,6.52,3.79,6.89,2.57,1.14,0.88,1.11,1.66,0.38,0.31
964,2945,38.83,15.79,7.75,14.93,8.55,6.22,2.38,0.99,1.01,0.99,1.66,0.28,0.29
965,2949,43.86,17.81,8.22,10.09,5.38,6.76,2.32,1.03,0.93,0.94,1.75,0.32,0.21
966,2949,43.98,18.39,8.21,9.95,4.59,7,2.28,1.02,0.89,1.01,1.74,0.29,0.21
967,2951,45.28,19.25,8.16,8.75,5.28,5.36,2.33,0.99,0.95,1.07,1.42,0.41,0.26
968,2955,45.89,17.71,8.69,8.9,3.8,7.28,2.39,1.02,0.96,0.88,1.67,0.29,0.19
969,2955,43.86,17.65,8.43,10.3,4.39,7.34,2.45,0.99,1,0.85,1.88,0.29,0.21
970,2959,47.68,19.46,8.72,6.09,4.09,5.9,2.22,1.02,0.92,0.99,1.55,0.33,0.34
971,2965,49.59,20.62,9.18,4.71,3.04,5.15,2.37,1.11,0.95,1.08,1.33,0.29,0.18
972,2967,47.61,19.95,8.85,5.9,3.6,5.85,2.35,1.1,1.02,1.08,1.52,0.3,0.32
973,2969,49.72,18.8,8.92,6.12,2.92,5.8,2.5,1.04,0.8,1.13,1.31,0.3,0.2
974,2969,51.66,19.17,9.47,3.73,2.78,5.32,2.57,1.11,0.87,1.12,1.22,0.32,0.23
975,2972,51.85,19.71,9.14,4.47,2.67,4.74,2.23,1.13,0.95,1.19,1.17,0.28,0.16
976,2974,46.67,19.83,8.5,7.11,3.01,6.65,2.59,1.04,1.02,0.99,1.7,0.31,0.19
977,2974,46.76,19.69,8.62,6.57,4.05,6.13,2.37,1.07,1.11,0.92,1.6,0.31,0.29
978,2976,45.01,18.14,8.36,9.56,3.55,7.58,2.57,1.01,1.06,0.92,1.46,0.25,0.18
979,2976,43.59,18.02,8.33,11.02,3.47,8.26,2.18,1.02,1,0.87,1.38,0.31,0.19
980,2976,44.4,18.43,8.16,10.44,3.34,7.65,2.17,1.06,1.07,0.96,1.45,0.31,0.21
981,2989,42.49,21.77,8.63,2.97,7.05,10.9,2.49,0.93,0.76,0.37,0.53,0.54,0.42
982,2989,50.13,20.36,9.22,3.89,2.79,6.03,2.41,1.09,0.98,0.95,1.21,0.31,0.24
983,2992,42.19,21.94,8.74,3.12,7.15,10.36,2.44,1.11,0.75,0.38,0.48,0.72,0.47
984,2993,43.03,22.03,8.12,2.69,6.95,11.43,2.25,0.92,0.82,0.33,0.43,0.38,0.43
985,2994,43.81,21.18,8.54,2.76,7.11,10.62,2.36,0.94,0.73,0.38,0.45,0.52,0.44
986,3004,48.89,19.68,8.81,5.29,3.25,5.94,2.41,1.06,0.99,1,1.67,0.31,0.25
987,3007,46.86,19.58,8.75,6.69,4.17,5.9,2.51,1.01,0.98,1.02,1.64,0.3,0.23
988,3007,46.93,20.42,8.67,5.73,3.74,6.36,2.48,1.06,1.09,0.96,1.6,0.31,0.27
989,3010,47.84,20.63,8.59,5.21,3.45,6.06,2.55,1.08,0.99,1,1.6,0.31,0.22
990,3011,48.19,21.69,8.42,5.49,3.62,4.29,2.39,1.1,1.05,1.13,1.45,0.3,0.35
991,3013,42.34,21.38,7.59,8.98,4.79,7.12,2.28,1.01,1.12,0.82,1.62,0.22,0.27
992,3015,46.21,20.92,8.42,6.2,3.84,6.07,2.25,1.11,1.95,0.89,1.15,0.31,0.32
993,3017,48.29,19.83,8.59,6.34,4.06,4.64,2.38,1.09,0.91,1.12,1.46,0.3,0.6
994,3020,48.36,20.63,8.95,5,3.36,5.58,2.37,1.14,1.03,1.01,1.67,0.32,0.21
995,3022,49.66,21.73,9.41,3.73,2.76,4.75,2.48,1.11,1.01,1.13,1.19,0.27,0.22
996,3024,49.02,20.16,9.18,4.5,3.35,6.15,2.44,1.07,0.88,0.9,1.21,0.33,0.21
997,3024,51.36,18.02,9.08,4.85,3.75,4.97,2.43,1.17,1.31,1.08,1.13,0.33,0.17
998,3026,48.61,19.29,9.06,4.81,3.39,6.88,2.46,1.18,1.28,0.82,1.37,0.33,0.09
999,3027,46.37,19.94,8.58,6.46,4.32,6.45,2.38,1.08,0.84,0.88,1.53,0.33,0.25
1000,3028,48.07,21.17,8.95,5.67,3.81,5.07,2.41,1.05,0.88,0.95,1.17,0.32,0.14
1001,3031,46.89,18.02,8.83,8.39,5.26,5.17,2.33,0.97,1.03,0.93,1.29,0.29,0.19
1002,3031,46.17,18.2,8.73,8.57,5.53,5.1,2.34,1.02,1.21,0.93,1.31,0.27,0.19
1003,3034,44.41,18.37,8.26,10.24,5.92,5.16,2.3,0.99,1.1,0.84,1.35,0.28,0.21
1004,3034,48.26,19.38,8.92,6.43,4.32,4.83,2.43,1.01,0.92,0.97,1.38,0.3,0.23
1005,3035,42.86,21.46,8.76,3.36,6.76,10.54,2.44,0.94,0.78,0.44,0.59,0.46,0.43
1006,3035,45.2,21,8.79,3.77,5.79,8.95,2.43,0.89,0.8,0.58,0.79,0.4,0.33
1007,3037,47.35,16.92,8.59,8.39,5.23,5.37,2.35,0.98,1.24,0.91,1.67,0.27,0.23
1008,3037,45.15,17.95,8.21,9.61,5.87,5.1,2.3,1.01,1.27,0.84,1.69,0.29,0.22
1009,3040,48.72,20.65,9.26,5.06,3.5,5.39,2.24,1.02,0.9,0.98,1.31,0.28,0.18
1010,3042,47.86,21.75,9,4.64,3.28,5.81,2.54,0.97,0.94,0.92,1.33,0.29,0.22
1011,3044,44.72,17.51,8.64,10.29,4.82,6.91,2.37,1,0.92,0.83,1.16,0.29,0.17
1012,3044,48.29,18.38,9.53,6.22,4.48,5.62,2.63,1.07,1.19,0.89,0.96,0.28,0.16
1013,3047,46.21,19.58,8.57,6.86,4.32,6.31,2.42,1.03,1.04,0.93,1.65,0.37,0.23
1014,3051,38.29,17.5,7.47,15.3,6.52,7.68,2.37,0.83,1.37,0.6,1.36,0.24,0.19
1015,3051,46.2,17.57,8.46,10.86,6.53,3.77,2.17,0.99,0.92,0.8,0.89,0.3,0.16
1016,3054,47.34,17.57,8.71,7.71,4.95,6.25,2.37,1.18,1,0.76,1.26,0.29,0.22
1017,3054,46.6,17.03,8.45,10,5.75,4.95,2.35,0.97,1.01,0.77,1.17,0.28,0.23
1018,3054,50.16,17.39,9.06,6.78,4.39,4.68,2.51,0.98,1.03,0.87,1.09,0.29,0.22
1019,3068,47.36,19.59,9.03,6.14,4.35,6.27,2.47,1.08,0.99,0.79,0.99,0.3,0.24
1020,3069,46.7,19.45,8.74,6.25,4.39,7,2.41,1.04,0.98,0.73,1.07,0.31,0.36
1021,3069,46.59,18.56,9.22,6.65,4.85,6.65,2.5,1.08,1.03,0.77,1,0.33,0.31
1022,3069,28.47,23.78,5.84,18.07,12.43,6.18,2.01,0.61,0.71,0.31,0.78,0.21,0.35
1023,3071,43.23,19.87,8.34,8.85,6.09,6.58,2.37,0.98,0.93,0.64,0.98,0.3,0.42
1024,3071,49.3,19.82,9.15,5.58,4.52,4.14,2.55,1.16,0.99,0.86,0.9,0.33,0.27
1025,3074,46.45,18.47,8.64,7.77,5.18,6.23,2.37,1.11,1.09,0.76,1.05,0.3,0.21
1026,3076,46.04,17.69,9.08,8.19,4.49,6.32,2.7,0.92,0.85,0.91,1.67,0.28,0.25
1027,3078,42.99,21.85,8.29,2.92,6.98,10.92,2.35,0.95,0.73,0.34,0.48,0.59,0.45
1028,3081,48.56,19.53,8.99,5.34,3.74,6.42,2.5,1.12,0.92,0.85,1.1,0.29,0.22
1029,3083,30.88,28.79,6.63,11.87,7.7,6.04,2.72,0.79,0.72,0.57,2.47,0.25,0.23
1030,3085,47.23,18.28,8.7,7.87,4.57,6.05,2.34,0.97,1,0.74,1.08,0.3,0.42
1031,3085,49.58,15.73,8.71,8.31,6.23,4.26,2.25,1.05,1.01,0.85,1.03,0.31,0.29
1032,3088,43.84,18.91,8.24,7.75,5.17,7.92,2.68,1.07,1.04,0.67,1.51,0.34,0.4
1033,3090,48.26,17.83,8.53,7.63,4.49,5.37,2.5,1.04,0.95,0.82,1.57,0.3,0.31
1034,3090,41.82,19.85,8.35,8.4,5.69,8.22,2.58,1.11,0.98,0.62,1.29,0.34,0.33
1035,3102,44.5,20.1,8.63,7.55,5.61,5.98,2.52,1.15,0.98,0.74,1.17,0.33,0.28
1036,3102,43.17,19.11,8.7,7.78,5.51,7.89,2.67,1.07,0.99,0.68,1.35,0.34,0.27
1037,3108,46.22,20.42,8.97,7.39,5.45,4.28,2.42,1.13,0.93,0.82,1.01,0.29,0.31
1038,3108,48.35,19.06,8.88,7.5,4.7,4.62,2.38,1.11,0.74,0.83,0.88,0.31,0.3
1039,3109,43.24,16.3,8.19,11.78,5.76,6.98,2.62,0.94,0.89,0.69,1.87,0.28,0.21
1040,3110,50.11,18.3,9.57,5.67,4.76,4.46,2.57,0.98,0.93,0.79,0.71,0.33,0.29
1041,3112,35.27,28.34,6.9,10.39,4.88,6.45,2.32,0.78,0.9,1.63,1.43,0.25,0.2
1042,3112,16.86,12.26,3.64,34.37,23.3,5.06,1.84,0.2,0.72,0.17,1.29,0.06,0.13
1043,3115,22.13,6.91,4.52,33.91,24.01,3.97,1.74,0.32,0.76,0.31,0.96,0.11,0.12
1044,3115,26.46,8.17,5.24,29.64,20.8,4.39,1.87,0.49,0.76,0.38,1.32,0.15,0.14
1045,3117,29.77,14.55,6.45,23.44,14.82,5.67,1.86,0.76,0.72,0.35,0.83,0.27,0.24
1046,3119,44.96,18.37,8.77,9.43,3.54,7.16,2.51,1.03,1.06,0.83,1.55,0.29,0.19
1047,3119,49.76,19.4,8.85,6.04,3.44,5.03,2.25,1.07,1.06,0.93,1.31,0.3,0.19
1048,3122,45.26,20.83,8.55,6.46,4.36,6.57,2.64,1.14,0.95,0.73,1.8,0.26,0.17
1049,3131,42.93,17.6,8.63,9.88,6.72,6.45,2.67,1,1.04,0.73,1.46,0.28,0.34
1050,3131,44.93,16.82,8.22,12.11,5.88,5.34,2.14,1,0.94,0.79,1.07,0.29,0.18
1051,3132,44.07,18.77,8.23,8.75,5.56,7.16,2.52,1.01,1.03,0.74,1.28,0.3,0.25
1052,3132,44.14,19.13,8.19,8.76,5.47,6.95,2.37,1.02,1.03,0.71,1.26,0.3,0.27
1053,3139,42.33,17.98,8.11,11.43,7.54,5.6,1.95,0.98,1.23,0.71,0.85,0.29,0.45
1054,3139,43.63,18.75,8.48,10.75,5.92,5.98,1.76,1.03,0.96,0.76,0.92,0.24,0.38
1055,3139,45,17.76,8.53,9.2,5.55,6.78,2.33,1.04,1.05,0.68,0.96,0.29,0.41
1056,3142,26.73,40.89,5.42,8.76,3.96,6.21,2.03,0.75,0.81,0.43,3.46,0.18,0.13
1057,3142,43.35,20.94,8.65,7.47,5.61,6.85,2.46,1.09,1.09,0.67,0.89,0.34,0.25
1058,3144,35.92,26.34,7.11,10.35,7.29,6.58,1.99,0.88,0.81,0.56,1.3,0.3,0.26
1059,3144,46.36,18.29,8.37,9.84,6.26,4.14,2.23,1.06,1.05,0.76,0.77,0.3,0.24
1060,3146,36.69,26.28,7.32,9.81,6.6,6.7,2.04,0.84,1,0.54,1.33,0.34,0.24
1061,3146,39.1,21.19,7.61,11.5,7.36,5.89,2.2,0.97,1.6,0.63,1.02,0.28,0.26
1062,3149,40.11,17.47,7.08,15.7,9.18,3.89,1.99,0.89,1.47,0.62,0.76,0.23,0.21
1063,3151,42.77,19.25,8.23,9.58,5.56,7.54,2.43,1.05,1.11,0.61,0.96,0.28,0.23
1064,3156,50.11,20.6,8.92,4.93,3.09,5.04,2.29,1.1,1.23,0.82,0.99,0.31,0.19
1065,3158,39.73,18.6,7.73,13.35,6.2,7.26,1.82,1.25,1.07,0.79,1.29,0.29,0.25
1066,3158,39.18,18.52,7.69,14.26,5.82,7.64,1.88,0.85,1.29,0.66,1.01,0.26,0.24
1067,3160,40.87,17.99,8,12.13,5.56,8.07,2.36,1,1.02,0.65,1.2,0.3,0.37
1068,3160,36.84,17.4,7.14,15.93,6.08,9.52,2.23,0.85,1.14,0.55,1.23,0.3,0.41
1069,3163,38.73,18.06,7.58,15.05,5.65,7.95,2.34,0.91,1.11,0.61,1.13,0.21,0.19
1070,3165,36.94,17.41,6.68,17.86,8.65,6.18,2.04,0.86,1.07,0.66,0.93,0.27,0.15
1071,3167,42.51,20.04,8.12,9.23,5.28,6.12,2.94,1.05,1.15,0.73,1.91,0.3,0.25
1072,3167,40.99,20.12,7.52,12.36,5.86,6.03,2.2,1.01,1.21,0.74,1.12,0.26,0.24
1073,3178,42.36,21.59,7.9,9.54,5.13,5.4,2.5,1.09,1.19,0.78,1.53,0.32,0.24
1074,3178,42.24,22.17,7.75,9.53,5.12,5.33,2.31,1.08,1.2,0.79,1.46,0.34,0.28
1075,3180,43.56,22.77,7.96,8.61,4.61,5.14,2.22,1.12,1.14,0.78,1.09,0.33,0.27
1076,3181,40.93,18.02,7.97,11.97,6.3,8.47,2.14,0.87,1.05,0.52,1,0.25,0.25
1077,3181,41.03,17.99,7.99,11.79,5.99,8.67,2.2,0.93,1.09,0.6,0.89,0.23,0.32
1078,3181,39.05,16.89,7.79,14.3,7.05,8.48,2.3,0.72,0.97,0.61,1.04,0.27,0.28
1079,3181,38.9,16.86,7.84,14.61,7.35,8.1,2.09,0.99,0.95,0.56,1.05,0.24,0.2
1080,3181,38.99,17.5,7.57,14.68,6.2,8.58,1.96,0.94,1.03,0.61,1.08,0.3,0.28
1081,3183,30.8,18.02,6.26,7.33,4.38,6.69,8.94,0.64,1.03,0.53,14.78,0.18,0.2
1082,3187,37.26,16.17,7.49,10.95,6.78,7.12,4.67,0.9,1.01,0.61,6.3,0.27,0.22
1083,3187,41.35,19.22,7.99,12.77,6.21,5.61,2.22,1,1.17,0.76,0.82,0.27,0.25
1084,3190,41.85,18.94,8.59,9.96,4.96,8.73,2.59,0.99,0.98,0.66,0.97,0.25,0.27
1085,3192,41.89,20.79,8.45,7.98,5.44,7.03,3.11,1.08,0.99,0.67,1.81,0.29,0.19
